"0","@Hyuuzu SUA LINDA! QUE MUSICA LINDA DESSES NEGOS DO AMORRRRRRRRRRR!!!!!"
"1","@Hyuuzu ahhh que baum que vc gostouu!!! jah te disse que tudo lemvra vc neh??? u.U quero ir contigo u.U"
"2","bom dia, Senhor e esse metro bombando?? aconteceu alguma coisa???"
"3","Parte da minha vida! <3嵐大好き！ http://t.co/uHB0Fitd"
"4","@pkiomy cade tu?"
"0","Conversar com jurado em crise de idade nao tem preco hahahahha xD"
"1","tentando liberar espaco... http://t.co/M1M70jre"
"2","@nananyan hahauahauahauahayua seriu???"
"3","@Jyudaime hahahahahah acontece flor, sempre que der faca um esforco, um oi no keitai jah faz toda a diferenca"
"4","@Jyudaime boba, ninguem te esquece nao!"
"0","yeahh!! はいい!! ♥ (^o^)> @D_HIROKI_D: 待ってて下さい！ RT @cinchan_naoko:みんな待ってますよ！ (*^^*)"
"1","@laariokada ahhhh nehhh ._."
"2","@nananyan HAHAHAHA OLOKOOO DAH PRINT NISSO GENTYYY! E MOSTREM P/ O JOOONNNNN HAHHAHAHAHAHAAH"
"3","@D_HIROKI_D みんな待てますよ！ (*^^*)@D_HIROKI_D: うん！わかった～♪(*ﾟ▽ﾟ)ﾉ RT @cinchan_naoko:ヒロキさん!!! ブラジルにもどってください！＼(^o^)／"
"4","@nananyan EH LINDIMAIS"
"0","@chibimartins nao fala issoo... ._."
"1","@Fla0907 mandei o meu tb!!!"
"2","@Fla0907 passo pelo whatsapp =] kouhaku do amor HAHAHAHAHAHHA"
"3","@nananyan aiiiii simmmm heinnnn!!!!! toma eh amor demaisss!!!"
"4","@nananyan Mega cansativo imochi... mas foi otimo!!"
"0","@Fla0907 skipe do amor tb dah pra ligar a cam e lembrar qdo agente fazia isso assistindo arashi xD"
"1","@nananyan iisso issooo!!! =]"
"2","@blancwing @pkiomy saudade de vcsss!!!! ._."
"3","@pkiomy @blancwing *abracaaa, miga toma remedio e assiste KANJANI8 do amorrr"
"4","@Fla0907 NAOOOOOOO"
"0","@D_HIROKI_D ヒロキさん!!! ブラジルにもどってください！＼(^o^)／"
"1","@nananyan Orrraaaa se fazia!!! Vc eh minha parte engracada! ;]"
"2","qdo falei q uso msn ainda, me julgaram... Mas eu AMO msn... tem emojis tao legais... ._."
"3","@nananyan HAHAHAHAHA saudade de surtar contigo no msn!! era realmente engracado!!!"
"4","@pkiomy @blancwing miga, tah melhor???"
"0","@nananyan claro que eu quero te ver tb <3"
"1","@nananyan imochi a coisa tah feiaaa aquiii xDDDD nao tenho espaco pra andar... a idiota resolveu tirar tudo..."
"2","Quero ver minhas arashinhas tb!!! toh carente genty ._."
"3","Quero sair com a @pkiomy e a @blancwing T.T"
"4","arrumando o quarto... Acho q preciso de mais um dia do desapego... Como eu tenho coisa!!!"
"0","Estou com sono. fim."
"1","Por favor me deixa voltar para o clima frio da terrinha..."
"2","@pkiomy o/"
"3","atencao @pkiomy whatsapp lhe espera xD"
"4","@pkiomy whatsapp lhe aguarda"
"0","Bom dia... desde as seis da matina acordada...."
"1","Mala de mao do amorr <3 http://t.co/6h2YBL1O"
"2","@Fla0907 nehhh, cansaco tb conta bastante"
"3","@Fla0907 nao... toh morrendo de sono xD"
"4","@pkiomy abraca"
"0","@pkiomy essa dor nas costas eh de tanto dormir! Vc não tah mais acostumada a ficar tanto tempo na cama miga!"
"1","@pkiomy miga eh a idade!!!!, xD"
"2","@Jyudaime uhum dei pra aproveitar sim!"
"3","@Jyudaime uhuumm, obrigada flor tb quero te ver! ;)"
"4","@tati_mittels mata demais!!! Obrigada :)"
"0","Uah.... Quero minha cama, mas tenho que me controlar pra dormir somente de noite..."
"1","@pkiomy toh aqui migaaa"
"2","New York now! http://t.co/1jLNrq1A"
"3","@nananyan linda <3"
"4","もう終わった、日本バイバイ... http://t.co/IN1WXQzX"
"0","Sky Tree http://t.co/aTGLOVUn"
"1","@Hyuuzu @HelderYagami HAUAAHAUA quero muitos abracos e pao de queijo =]"
"2","@Hyuuzu @HelderYagami chegou sim, agora de vamos levar eh outros quinhentos xD"
"3","atencao @pkiomy waap te aguarda"
"4","Harajuku Station <3 http://t.co/TYHsFciR"
"0","Para a hyuuzu, seus japa negooss Leeetiiii http://t.co/JXjo2qW4"
"1","Yamato Concert! <3 http://t.co/5sVd0laq"
"2","大阪！Hard Rock Cafe http://t.co/BZJYn42F"
"3","渋谷駅 http://t.co/8AJGCuwz"
"4","嵐 <3 http://t.co/rjVDcLdP"
"0","Popcorn <3 http://t.co/N4RRdW2l"
"1","渋谷駅！ http://t.co/2GRD5cQY"
"2","たこめし! http://t.co/5RphGBPe"
"3","たこめしと梅酒ソーダ! http://t.co/j7v8VBVK"
"4","@pkiomy whatsapp"
"0","秋葉原駅! ;] http://t.co/pUtcyZpL"
"1","Coisa q deveria existir no brasil, loja de goodies dos filmes em cartaz.. http://t.co/59dOMNl8"
"2","Katsudon! http://t.co/DL6tpkUu"
"3","Amor demais!!! http://t.co/tpbrRYCo"
"4","Jonnhy's parte2 in Akihabara http://t.co/WvjV5vZM"
"0","肩こり。。。T-T http://t.co/2qaxiWvJ"
"1","Eitaaaaa quanto Junjou Romanticaaa *-* http://t.co/W7XrKpyE"
"2","Paraisoooo ahhhhhh 嵐大好き！ http://t.co/PZgDLoBX"
"3","@pkiomy whatsapp"
"4","ラーメン <3 http://t.co/nw51j0KH"
"0","@danmissono @Hyuuzu huaha de nadaaa, vou tentar gravar sempreeee"
"1","@Jyudaime ahhh obrigadaaaa"
"2","@D_Hatsu cheguei simmm florr =]"
"3","Dormir pra que?"
"4","Cheguei!!! Obrigada pelas msgs pessoal!!! atencao galera da yamato, estou gravando tuuuddoooo hhahaha"
"0","@pkiomy miga guenta um poquinho tah"
"1","Hotelll, uahhhh nada como uma boa caminhaaaa http://t.co/gmcQkvFO"
"2","Ohayo! E comeca a tao esperada viagem neh @HelderYagami ?? Bora Nihon! ;*"
"3","@pkiomy miga olha seu waap"
"4","atencao @HelderYagami whatsapp lhe aguarda"
"0","a melhor parte da noite foi receber uma msg do @banshee2099 , aposto q foi obra do @leandrocruz obrigadaaa viuuuu"
"1","@danmissono @Marck_ to loca pra ver isso"
"2","a pessoa que eu tirei no amigo secreto da empresa, vai ganhar coisa japoneusa <3"
"3","@Hyuuzu nao nao em portugues mesmo!!"
"4","@luhimura *abraça*"
"0","@luhimura Amore vai ter que ser depois do dia 16, vou tah na terrinha!"
"1","@luhimura @chibimartins Aiiii piro horrores!!! É amor demais!!! <3<3"
"2","@luhimura SAUDADE de vc sua feia! Vem me ver aqui! a @chibimartins já veio ontem!"
"3","@luhimura @chibimartins oq tem eu ai, meus amores?"
"4","@danmissono @Fla0907 @laariokada eu achava melhor divulgar qdo tiver no ar"
"0","@D_Hatsu quinta (^_^)v"
"1","Okey, agora definitivamente comeca a contagem regressiva! Nihon let's go!"
"2","@genninhu @pkiomy COM CERTEZA xD"
"3","@Lili_1511 @Fla0907 simmmm faz um tempao q nao sentamos com calma pra rir e conversar neh :) tente aparecer em algum encontro!"
"4","@Lili_1511 huahuaua ahhh brigada flor!! Vc tem que ir no dia do desapego das arashinhas, Lili, a @Fla0907 voltou cheia d muamba!"
"0","@genninhu pensarei!"
"1","@Lili_1511 huahuahauahaua!!! achoq vc nao ia querer minhas pecas bregas floorr!"
"2","vontade de jogar minhas roupas fora e comprar novas viu...."
"3","Applebees do amorr http://t.co/53wPVguK"
"4","@danmissono como era akele treco do fusca lah?"
"0","@tathychan total nehh xD"
"1","Compras compras comprassss"
"2","@pkiomy nao esqueca amiiiiigaaaaa"
"3","@reshimura eh sempre dificil se acostumar com isso, qdo vc tiver mais sossegada ai, vamos marcar alguma coisa! ;] precisando, estamos aqui!"
"4","@reshimura chegou bem? conseguiu entrar no nosso fuso horario?? *abraca*"
"0","boa sorte @pkiomy"
"1","soninhooooo"
"2","@genninhu cheguuuuuueiiiiiiii"
"3","Mano... Detesto gente folgada velho, mas nao serei mal educada, se controla, se controla..."
"4","@brunorp beeee tah rindo eh??? huhauahusuaa dpois te conto tdooo hhahahahahha"
"0","Starbucks, risadas e boas companhias!! amo ;] @pkiomy e @genninhu"
"1","starbucks do amor <3 http://t.co/NClQf7ck"
"2","@laariokada @danmissono @Fla0907 quuuaaantaa eficiencia minhas meninas"
"3","Eu e o Dan cantando pagode e dançando para a @pkiomy HAHAHHAHAHHAHAH!!!! @danmissono"
"4","Pulseiras de hj by @moonicao http://t.co/kL0cMTEK"
"0","@Aibaty Omedetouuuu <3<3<3"
"1","@danmissono @Fla0907 @laariokada =)"
"2","Deus te mostra o caminho, mas ele não te obriga a caminhar sobre ele."
"3","Bom dia seus lindos!"
"4","atenção @laariokada e @Fla0907 leiam o email na caixa do KCC please!"
"0","@pedobell @Jyudaime @D_Hatsu vamos todas amar kanjani8! <3<3"
"1","@Jyudaime muitooo lindoo"
"2","Kanjaniiiii do amooorrr chegoooouuuu <3 http://t.co/daZRVW4Q"
"3","Tava demorando para eu começar a perder a paciência..."
"4","Uahhhh que voz bonitinha, vou colocar no repeat aqui!!!"
"0","Boa noite!!! Arrumando as coisas pra soltar a etapa online do KCC."
"1","pessoas que me chamam de Cintia, acho deveras estranho... prefiro Cin, Cinchan ou ate Chan soh xD"
"2","@Hyuuzu mano toh de buenas soh com dor de cabeca"
"3","tah... nao toh sentindo calor.... acho que sou anormal xD"
"4","Boa tarde mortais! <3"
"0","atencao @pkiomy whatsapp te aguarda"
"1","@nananyan huahuahauHAUA neh imochi"
"2","eh. e mais uma vez eu acertei, podia ganhar dinheiro com isso viu."
"3","@blancwing ruim neh..."
"4","queria ter mais pique para estudar... eh tao ruim ver que vc esqueceu metade do vocabulario que sabia..."
"0","@pkiomy @Hyuuzu うまいみたいな～"
"1","morrendo de rir na dorgas com a @laariokada"
"2","@pkiomy whatsapp"
"3","trabalho trabalho trabalho... descansar?? eh para os fracos!"
"4","Atenção @pkiomy watsapp te espera"
"0","PMvira pra mim e fala, tah sossegada hein japonesa, geral pensando que vai tomar tiro de um cara q jah foi preso xD"
"1","Metro na luz... caos.. http://t.co/OrZan3hU"
"2","cade os pm?? e tudo mais??? toh na luz e nao vi nada"
"3","HAHAHHA AUMENTARAM A HISTORIA agora sao 3!!!! hhahahaha eu mereco"
"4","usuario na via, e o individuo do lado, jah fala q nego entrou no metro atirando e tal... pra que??"
"0","IDIOTA SE JOGA NA ESTACO LUZ, quer acabar com a sua vida infeliz fica a vontade, mas nao acabe com a dos outros... se fude viu."
"1","atencao @pkiomy olhe seu waa"
"2","@pkiomy whatsapp te aguarda"
"3","@genninhu whatsapp lhe aguarda"
"4","eu sou muito boazinha... fim."
"0","encontrar pessoas lindas hoje, fez minha noite mara."
"1","@Fla0907 @laariokada @Lili_1511 No posto do HC sai na hr gente, tranquilissimo."
"2","sem comentarios."
"3","RT @KPOPCChallenge: Boa tarde Kpopers!! A lista dos selecionados para a etapa da Anime Fantasy já foi disponibilizada no site! Então não ..."
"4","RT @KPOPCChallenge: Agradecemos a todos os grupos que se inscreveram e não se esqueçam que ainda haverá a etapa online! http://t.co/MWo ..."
"0","colocar calca jeans no calor.... a pior coisa que existe... vc fica dancando o tempo inteiro pq a calca faz questao de grudar..."
"1","@tati_mittels coloque kilos de fotos!!!!quero ver tudoooo"
"2","tomar banho e sair... *preguica define*"
"3","@tati_mittels Olhaaa vc foi e voltou e nem deu pra conversar contigo e te desejar boa viagem *morre"
"4","@danmissono @laariokada blz"
"0","@danmissono @laariokada aleatoria"
"1","@luhimura @genninhu HAHAAHAHAHAHAHAHAHA XD"
"2","@genninhu @luhimura hauahuahaua tenho vergonha 8D"
"3","@luhimura HAUAHAUHAUA assim que eu retomar as aulas tah!!! super te convidarei <3"
"4","@luhimura HAHHAHAHA danca pra mim eh um hobby, e outra nao tenho o dom pra dar aulas hauahyahaua xD"
"0","@JuuhBleh hauahaua neh!!! eu gosto mto de dancar nessa vida <3"
"1","@luhimura hauahaahua xD Pois eh Himurao, e isso nao eh metade dos certificados de danca xD, tem as medalhas ainda..."
"2","Pq eu jah dancei muito nessa vida <3 http://t.co/qEbM5CHl"
"3","@danmissono haahauahauhaua recebeu meu email eh??? xD"
"4","@D_Hatsu ai flor estou de ferias, podemos marcar outro dia??? =)"
"0","@pkiomy @Hyuuzu @mayumiss ameiiii"
"1","New hair style!! <3 http://t.co/WDghFuzz"
"2","yeahhhh morummbiiiii!!!! http://t.co/7ct4KgLJ"
"3","@pkiomy recebeu a minha msg???"
"4","@karlosjp @Marck_ boa bee, vai ficar lindo na night"
"0","@karlosjp @Marck_ uhummmm!!! Jah se foram 1kg, comemoraaa"
"1","@emotional_voice おはようございます♪ ＼(^o^)／"
"2","@Marck_ eu sei qual eh... uma delicinha de lugar.... e eu aqui comendo alface...."
"3","@Marck_ JANTA COREANA??? #chatiada... hauhuahauaga"
"4","@Marck_ obrigada bee <3"
"0","@Marck_ agora toh bee <3"
"1","@genninhu coisas da vida, nada que uma boa conversa franca nao resolva, assim espero pelo menos."
"2","E eu achando que as coisas iam se resolver....que bobinha q eu sou..."
"3","@pkiomy miga whatsapp"
"4","@pkiomy hauauaaua rolou um jantarzinho maroto neh, eu vi!"
"0","@danmissono @Fla0907 @laariokada AEEEE vamoo divulgar o KCC yeahhh"
"1","@ritsuppy adivinha xD"
"2","Consulado do Japaooo <3 http://t.co/10vcQpem"
"3","@pkiomy miga, hj o dia foi mto divertido!!! Fazia tempo q eu nao falava abobrinhas p vc xD"
"4","mano... que preguicaaa de levantarr"
"0","@Fla0907 @laariokada @danmissono tah otimo Dan!!! Nossa minha risada tah MEGA ALTA mas blz xD"
"1","RT @pkiomy: Jantar super divertido com a @cinchan_naoko <3"
"2","RT @KPOPCChallenge: Atenção Kpoper!!! Verifiquem suas caixas de emails!!! Nós já estamos comunicando os selecionados! =)"
"3","Nhaaa... cadê a @laariokada e a @Fla0907 pra me ajudar a mandar os emails??? -___-"
"4","@Fla0907 HAHAHHAHAHHAHHA <3<3"
"0","@Fla0907 Toh sim xD"
"1","Gangnam Style invade o KCC hahahhahahhaha!!!"
"2","@Fla0907 hauahaa minha nadaaa meww"
"3","@danmissono melhoras viu!!! =/ fiquei preocupada!"
"4","@danmissono Obaaa Dan!!! Me manda antes táaa =)"
"0","@Fla0907 @laariokada hauehuaehuhaeuhaeuhaeuhe xD né mew"
"1","RT @KPOPCChallenge: Boa tarde kpopers! Ontem tivemos a visita de um dos jurados: Kyumin,vejam o que ele está preparando p/ a próxima etapa!"
"2","@thatii_regina Toh melhor simm!!! dolorida mas bem xDDDD, HAHAHAHHAHA hj vc quer me abraçar né??? xD"
"3","RT @lulukusunoki: @cinchan_naoko Haiahauaahauahuahaua eh nois que tomba feito bosta! @Tikasawa tbm kkkk"
"4","Atencao @lulukusunoki tah roxo e doendo pakas!!! o corpo esfriou e me ferreiiii xDDD"
"0","hj dia mto legal, kcc, arashinhas, juiz engracado e futebas, realmente o dia rendeu!!"
"1","@Mah_Minini ._. tchuca naoooo"
"2","Saudades de jogar com as japas!! http://t.co/GjSrR2Hs"
"3","Nosso querido jurado Kyumin, gravando para o Fantasy!!! <3 http://t.co/mnZqCGGA"
"4","@ritsuppy uhummm eles vao lancar em breve as coisas, boa parte tah no site deles, http://t.co/DxOdxp28 acho q eh isso"
"0","@ritsuppy isso eu lembro, nem acreditei qdo vi"
"1","@ritsuppy meninoooooo tirando foto peladoooo"
"2","Descobri que definitivamente nao sei japones... /cry"
"3","Meus olhos estao menores que o de costume, rinite acabando comigo..."
"4","@Fla0907 Não ;___;"
"0","RT @Fla0907: Ai porcaria tenho que fazer minhas coisas,... mas a conversa no skype tá tãoooooo mais legal XD(cc @laariokada @cinchan_naoko )"
"1","@D_Hatsu MANDO HOJEEEE EU ESQUECIIIIII!!! >_____________<"
"2","RT @pkiomy: Eu e a @cinchan_naoko não dormimos nem na ida, nem na volta do Summer! #win"
"3","Melleeetttiiiii!!!!! <3 http://t.co/NimagDBL"
"4","@ritsuppy @blancwing ritsu pop? onde?? hauahauhaua"
"0","Santos friozinhooo.... http://t.co/Fd4cWeZI"
"1","Yeahhhh!! Um dia acabouuu #AnimeSummerPlus http://t.co/wOpw3Ihs"
"2","@danielverna @genninhu @HelderYagami @Marck_ @pkiomy @leandrocruz eh nois!!!<3"
"3","@__yukari_ comoo assimm butai de je sobre je????xD"
"4","@Jyudaime (;o;) vamu"
"0","chorando litrus.... meu dvd do abcz nao vem mais =("
"1","@Jyudaime o meu nao vem mais =( cd japan nao efetuou o pedido D="
"2","@danmissono manda meu filho!"
"3","@reshimura Brigada Rêee!!!!"
"4","@Marck_ Pede pra @pkiomy ela conhece tb!!! /rapa"
"0","@Marck_ HAHHAHAHAHHAHAHAHHA xDDDDDDDDDDDDDD"
"1","@Marck_ HAHAHHAHAHHAHAH!!!!!! O irmão dele tb é nesse naipe bêe!!! ;)"
"2","E lah vamos nos no futebas http://t.co/VJYn1dc2"
"3","RT @pkiomy: Palavras de @favilalima mi sofro com vcs Cc @cinchan_naoko"
"4","Ouvindo AKB48 para @HelderYagami e @brunorp <3"
"0","@genninhu FALAH NADA"
"1","Amanha eh dia de futebasss!!! 8D preparem suas canelassss"
"2","@brunorp @pkiomy PA-LHA-CI-NHAS!!!! /explod"
"3","@genninhu @danmissono EEEEECCCCAAAAAA"
"4","@danmissono @genninhu OH MAN!! Dan jah pegou a casquinha do milho na sua caquinha pra ver se a mesma estava cheiaaa :o"
"0","@genninhu @pkiomy Eu tb acho!!! xDDDD"
"1","@danmissono @genninhu OH MAN QUE NOJINHO"
"2","@brunorp @pkiomy Priscaaa me salvanddooooo /olea"
"3","@genninhu @danmissono enche nada!!"
"4","@pkiomy *abraca*"
"0","Hj estava pensando na possibilidade de comprar cds de AKB porem a @pkiomy me mostrou k8 e desisti xD cc@brunorp"
"1","RT @genninhu: @cinchan_naoko só laranja cenoura e beterraba salva!!!"
"2","@genninhu Deus eh pai! mas nao funfa comigo, pq sempre como e nao ajuda em nada xD"
"3","@genninhu HAUHAUAHAUAHAUAHAUA como ajuda se sai inteiro???o.o"
"4","@thitatsuo estou com saudades! AHAHA qtos meses dps vc vai ver essa msg hein??? xD"
"0","Arashi banda da minha vida, pq mesmo depois de tanto sucesso ainda ser tao lindamente brega??? (*_*)"
"1","Hj o dia foi produtivo, apesar da dor de cabeca e com a rinite atacada! E com direito a milho no final! thanks @pkiomy <3"
"2","@nanah___ @Hyuuzu PQ VC NÂO PEGOU???? Qdo a sanidade voltar, vc poderia usar isso contra a pessoa xDDDD"
"3","@nanah___ @Hyuuzu Credo! Pessoa deve estar cega, bateu a cabeça em algum lugar, sei lá véi... Não tá normal, não tá mesmo!!!"
"4","@nanah___ @Hyuuzu AFFFFFFFFFFFFFFFFFFFFFFFFFFFFFFFFFFFFFFFFFFFFFF!!!!!!!!!!!!!!!!!!!!!!!!!!!!!!!!!!!!!!!!!!!!!!!!!!"
"0","Presente do Takashi (*_*) http://t.co/uzHRQrxK"
"1","Meu final de semana com a @moniii_yoko!! muitas pulseiras e risadas! Obrigada Mon, elas sao lindas!! http://t.co/OV1GrP3x"
"2","Diferente de tdos os programas de calouros que jah acompanhei esse The Voice tem boas vozes, um programa q mostra q temos tb bons cantores!"
"3","@mermaidka Eu tb! bem legall"
"4","e comeca “Essa eh a vozz!!!“ #thevoicebrasil."
"0","@blancwing revistas do amor na fonomag <3"
"1","@Jyudaime vamos fazer aulas entaooo <3"
"2","preciso voltar a dancar e ter pique de pegar as coreo do arashi novamente, parei em monster... e nunca mais..."
"3","preciso voltar a dancar..."
"4","@blancwing passeando amiga??? =) saudades"
"0","@Jyudaime exagerada"
"1","Nada como um bom fone de ouvido para assistir jdramas! <3 http://t.co/OAtf08VC"
"2","@TialiKL bigcamera eh vida! adoro ficar hrs e hrs lah dentro xD"
"3","@danmissono CÊ TÁ LOKO MALUCO????"
"4","Bom dia! Album do Arashi garantido e minha falência tb xD"
"0","@mermaidka =( que triste flor!!!! T_____T É, realmente goods ocupa MUITO espaço! xD, obrigada por me avisar ;*"
"1","É tão gostoso ver a minha TL surtando com Arashi! Sentia saudades disso! <3<3"
"2","@D_Hatsu Bom dia! Florzinha!!! ;)"
"3","@mermaidka Ai... qdo vc for vender me avisa? =)"
"0","RT @arisadraconis: ALBUM 10/31 TOUR 11/16"
"1","Ah, bom dia TL querida!"
"2","compensar a palhacada q foi p/ comprar esse ultimo album, pq muita fa estrangeira ficou sem."
"3","Como tambem do arashic que nao teve... a gente gasta horrores com isso, amo arashi, por amar q ficamos chateadas com certas coisas."
"4","E a TL surtando com ARAFES, soh espero q tenha DVD desse, pra compensar a tristeza q foi o 5x10. Pq nao tinha nada de especial..."
"0","acho q a @pkiomy me passou sua dor de estomago.."
"1","@D_Hatsu email enviado =)"
"2","@__yukari_ email enviado! ;)"
"3","Vamos votar no Exile para o EMA 2012? Vamos mostrar a força do jpop genteee!!! http://t.co/dgqYANrg"
"4","@Aibaty Ai flor, eu tenho que tentar parar com essa mania de comprar as versões e me segurar... Tá fogo... xD"
"0","@D_Hatsu precisamos marcar mesmo! Vc tem msn flor? =)"
"1","@__yukari_ Estou preparando ele hoje flor! xD, mas pode deixar que aviso sim!"
"2","@D_Hatsu Nossa nem me fale!quando se trata de Arashi eu sou totalmente surtada!"
"3","@Aibaty Eu tenho um péssimo hábito de querer sempre todas as versões... Vou reclamar, mas provavel q pegarei as 3..."
"4","@Aibaty Poxa vida... ;___; é de chorar florzinha!"
"0","É duro ser fã de Arashi e Kanjani8, qdo eu finalmente pensei q ia sossegar, o kanjani começa a lançar aloka...."
"1","Legal Kanjani8! Faz eu gastar dinheiro... mas TIPO, FAZ EU GASTAR MUITO DINHEIRO! Pow type A,B e First Press na RE? É de matar qq fã de JE."
"2","@thatii_regina @Hyuuzu @nanah___ @Marck_ bom dia ^^"
"3","@__yukari_ preciso responder seu meeruuuu!!!"
"4","@tati_mittels aleluiaaa que tah andando!!!"
"0","@mermaidka eu tb amo tapioca, e sim eh triste demais qdo elas acabam... (-.-)"
"1","@genninhu não, vou sair com o Thi"
"2","Aquisicao do amor!!! <3 http://t.co/nYFICKK3"
"3","pessoas estranhas, parem de me procurar! obrigada!"
"4","Musica no repeat *____* graças a @Hyuuzu"
"0","RT @lulukusunoki: RT @Marck_: #yamatofitness vai ser sucesso!"
"1","@__yukari_ AHueauehauehuaeh xD manda email que eu respondo com a lista e os preços ;)"
"2","@__yukari_ não não, o Niji quem vê sou eu e a @pkiomy! ;D Mande sim! Temos photobooks, singles, e um monte de coisinhas legais! ;D"
"3","@__yukari_ Temos produtos a pronta entrega ;D Albuns Le não tenho, mas tenho singles LE ;D qq coisa nijistorebr@gmail.com ;D"
"4","@__yukari_ em vez de ebay compra com o niji ^_~"
"0","triste... culpa do @genninhu"
"1","@pkiomy tah melhor amiga?"
"2","Cheguei... Deus.... sair sem bolsa eh horrivelll"
"3","@TialiKL olha soh, maluquinho bonitinho viu (^_^)"
"4","Ateh que o menino eh bonito genty xD http://t.co/4eapZZSo"
"0","Xiah Junsu live in Brasil. http://t.co/yfGqya5B"
"1","toh com fome"
"2","atencao @pkiomy watsapp td espera xD"
"3","Flores! http://t.co/siUk0WHx"
"4","Yeahhhh Pic nicccc!!!! http://t.co/Qn6qEUWn"
"0","praticamente loira xD http://t.co/BAnWOSE8"
"1","OH DEUS! TOH COMECANDO A GOSTAR DE AKB48!!! SOS @brunorp"
"2","Resultado de hoje: 11 pastas de 150 plasticos cada, revistas devidamente guardadas em ordem. E ainda nao aca http://t.co/JOBHylYa"
"3","Cara... Cheguei em 2006... De pensar que faltam mais 6 anos pra chegar nos recortes atuais... T.T"
"4","@Fla0907 UHUMMM ok entao xD"
"0","@blancwing huahuahauays pois tem a sua parte aqui viu xD"
"1","@Fla0907 oi Flaaa entao... terca pode ser???"
"2","Okey arrumei 6 das 14 pastas dos meninos... E são mais de 700 recortes... Meu Deus... Será que acabo isso hoje??? ;_;"
"3","@genninhu isso nao eh nada ainda... É só os recortes que estão sem pasta..."
"4","Porque hoje é dia de tentar arrumar minhas coisas do arashi! http://t.co/URushkWR"
"0","@tathychan aaaahhh eu vi!!!vou responderrr"
"1","@tathychan @genninhu fato! Vai virar zumbi, eu fui uma por quatro dias xD"
"2","Atencao @pkiomy abra seu watsapp xD"
"3","Tarde no Pq Sim, pior que nem cantei tanto assim"
"4","Doug fazendo biquinho pra Kiki XD http://t.co/sKDplshK"
"0","Atencao @pkiomy tem,msg no watsapp pra ti"
"2","RT @brunorp: Anunciando publicamente que a @pkiomy é minha esposa, sem mais.... NINGUÉM TIRA DE MIM, ATENÇÃO"
"3","@Fla0907 e chamar a mae que eh bom,nada neh???"
"4","@genninhu nao veio o.o"
"0","@xhachibe ;)"
"1","Eu lavei TODOS os meus 18 tennis hoje! Sintam orgulho de mim xD"
"2","preguiçaaaa http://t.co/WeIjfz7s"
"3","A @pkiomy, tudo bem! MAs o @HelderYagami tá se fazendo de vitima!!!"
"4","Agora a Jstorm Station tem face!! https://t.co/QI335w4R vamos curtir galerê! E nos ajudar a espalhar a tempestade! <3<3"
"0","@HelderYagami tá falando que não consta ainda o pagamento no sistema, tem que esperar um pouco"
"1","@HelderYagami nao...."
"2","baguncinha.... xD http://t.co/ZP9m04FO"
"3","@pkiomy @danmissono @danmissono @favilalima pra que isso?"
"4","@xlay @genninhu pode ser xD"
"0","@Hyuuzu Vc que é <3<3"
"1","@genninhu EH AHAM COM CERTEZA FICAREI SEM OLHEIRAS TOMANDO CAFEH... pohan..."
"2","@xlay essa sou eu acredite xD"
"3","Preciso descansar.... minhas olheiras ._____. http://t.co/DGij9OFT"
"4","RT @Fla0907: @cinchan_naoko @laariokada @pkiomy nunca vi uma conversa com tanto hahahahaha q nem hj XD"
"0","@Fla0907 @laariokada @pkiomy hahahhahahshahhahah"
"1","@Usagi_Hoshino tentareiiii!!! <3"
"2","@pkiomy @Fla0907 @laariokada o/"
"3","@laariokada @pkiomy @Fla0907 vamosss Laarrrriiiii xD"
"4","sinto minha morte em 3,2,1... cc @pkiomy @Fla0907 @laariokada"
"0","@LocoLotion @Fla0907 seus lindos! <3"
"1","Nossa o_O acho que não sou normal, toh sentindo falta do povo gritando meu nome! xDDDD"
"2","a face da derrota xD, mais um pouco... http://t.co/yrz65gKV"
"3","Horiuchi Takao in Brazil, Sao Paulo, HSBC brasil. http://t.co/bfupC0BO"
"4","@TialiKL Rurouni Kenshin eh vida!!!! eu tb sou mais shojo, mas kenshin eh um do poucos shonen que eu amei de prima!!! <3"
"0","obrigada a @TialiKL e a @reshimura por me tranquilizar nessa madrugada!! neh @pkiomy corremos!!"
"1","pessoas estressadas me deixando em panico tb..."
"2","@reshimura @pkiomy mandei re..."
"3","@reshimura @pkiomy re te mandei dm, tah acabando minha bateria, qq coisa manda dm pra Kiomy"
"4","Horiuchi Takao in Brazil. http://t.co/bdK6nbV0"
"0","no trampo, show de enka e correndo atras de coisas arashentas, deus vou morrer"
"1","@TialiKL florr preciso falar contigooo!!!! me manda dm onegaiii"
"2","@reshimura @pkiomy respondi (*_*)"
"3","@reshimura @pkiomy dm flor"
"4","@pkiomy @reshimura msg Kiomy ou pra mim florzinha"
"0","transito de merda.... http://t.co/kwn5giTf"
"1","eu tenho reuniao.... mas acho que nao chegarei a tempo...."
"2","@genninhu okey man!"
"3","@Fla0907 aeeee somos todos estranhooooosss o/"
"4","@genninhu <3 brigada brother!"
"0","eh impressionante como nunca estamos satisfeitos com nos mesmos, hj tava reclamando q me acho estranha, mas serah q sou mesmo? xD"
"1","Olha, que legal! Recebi um convite! Hallyu, hallyu!"
"2","HAHAHAHAHHAHA Ai gente eu mereço xD"
"3","Cada coisa que me acontece, q paro pra pensar se vale a pena...."
"4","Jun vc faz meu dia infinitamente melhor, sempre!"
"0","@laariokada safado do jeito que eh... logo mais toh upando xD"
"1","@genninhu Tenho orgulho de vc sempre!<3"
"2","@laariokada auhaauhaua verdade deixa ele entrar denovo acabei de expulsar ele xD"
"3","@genninhu muito bother"
"4","Alguem poderia falar para o Heso sair de dentro da minha bolsa? Obrigada!"
"0","@Hyuuzu @Marck_ safada"
"1","Cara eu toh vendo saias e toh achando bonitas!!! Oh man... Isso nao tah certo... Me imagindo parecendo uma macaca de saia xD"
"2","RT @Fla0907: @cinchan_naoko sim acaba em 2012, vc querendo uma saia e eu querendo um cachorro... XD"
"3","e comeca a saga do meu cabelo...."
"4","estou com vontade de comprar uma saia, eh... realmente o mundo vai acabar em 2012..."
"0","toh cansada..."
"1","@pkiomy ganbatte miga!!"
"2","@Jyudaime sua fofa, desculpe nao conseguir falar contigo hj..."
"3","RT @Fla0907: As dorgas do gtalk atacam novamente mas agora é com a @cinchan_naoko SÁ SENHORA to shorando de rir"
"4","@Marck_ cade vc pra traduzir meus emails???? xD"
"0","@Marck_ tao por onde???"
"1","Oh man... que dor de cabeca vei... isso nao eh legal... nao mesmo...."
"2","@Hyuuzu @Marck_ @pkiomy saudade de mim que eh bom nada ne!!"
"3","@Marck_ brigada bem"
"4","Te falar viu... Reuniao logo hj... Mas eh por uma boa causa! KCC se Deus quiser vai sair com bons frutos."
"0","RT @blancwing: @Kaya_rose @pkiomy 来て、来て～！（笑）"
"1","@ritsuppy @blancwing HHAAHAHAHAHAHAHA"
"2","@ritsuppy <3"
"3","soh o @ritsuppy pode falar comigo na lingua estranha"
"4","Toh irritada...."
"0","Parem de me mandar inbox pessoas estranhassss!!!! e caralho eu nao falo japones!!! Falem com a @pkiomy e a @blancwing"
"1","@pkiomy @blancwing vamos sim! preciso fazer compras hahahhahha"
"2","RT @HelderYagami: @Marck_ @pkiomy E ae NINFETA!!! cc @favilalima @peter_parkeer @Hyuuzu e @cinchan_naoko HUAHUASUHASHUAS XD"
"3","@blancwing @pkiomy vamooooo precisoooo T_T"
"4","@blancwing TOH COM SAUDADE DE VC!!!!! Fui clara??? T_T"
"0","Eu nao sei falar japones, portanto nao falem comigo nessa lingua u_U"
"1","Ah velho na boa... As vezes tem gente que nao percebe o qto eh incoveniente.."
"2","Eh hj que chego atrasada..."
"3","@ritsuppy Day's!"
"4","@HelderYagami @pkiomy yeah! foi cansativo, comemos terra, mas foi bacana mesmo!"
"0","A arte de deixar o @HelderYagami com peso na consciencia, eu domino!"
"1","@pkiomy o/"
"2","O mais engracado foi o tiozinho, vc pode assistir a novela com esse negocio? *meu celular.... XD"
"3","@pkiomy Na catraca xD"
"4","@pkiomy foram embora pro busaooo .___. me deixaram aqui xD"
"0","Day's! Esperando o @HelderYagami e a @pkiomy para ir no Ikoi... Tem tantos velhinhos aqui comigo, q estou me sentindo MEGA jovem xD"
"1","deus... eu li isso mesmo???"
"2","@reshimura haHAUAAUA olhaaa soh, pode ser que a sua janela e porta foram feitas por mim xD, meu setor era soh residencial xD"
"3","@reshimura Fazia janelas e portas xD"
"4","@reshimura haahauhu nossa qdo tava no nihon, eu trampava na Tostem!! Q saudade!!!"
"0","@nananyan manda por dm flor"
"1","e parece que eu falo grego... pq tah dificil da pessoa mme entender...."
"2","ACHEI MEU OCULOS!!!!!! UM DE DOISSSSSSS AEEEEEE"
"3","RT @genninhu: @cinchan_naoko @helderyagami se uma arma tivesse, pessoas seriam mortas por isso."
"4","@karlosjp @HelderYagami cocadas??? xD"
"0","@HelderYagami ehhhh fooodaaa"
"1","senti raiva, mas agora passou, detesto qdo as pessoas mexem nas minhas coisas...."
"2","@pkiomy @genninhu @favilalima BK num guento mais xD"
"3","@pkiomy @favilalima migaaaa ele nao me deu comida decente ._."
"4","RT @favilalima: Saindo do aeroporto de salvador...voltando pra terrinha."
"0","@JuuhBleh nemmm foi tudo tao corrido... xD"
"1","@pkiomy ._. fome"
"2","@pkiomy migaaaaa ._."
"3","@genninhu <3"
"4","RT @pkiomy: O @favilalima raptou minha amiga @cinchan_naoko! Quero ela de volta agora!"
"0","@pkiomy Migaaaaa cadeee vccccc ._. toh samishi... o kamui nao eh legal igual vcc...."
"1","@HelderYagami @pkiomy 何か??? メールかな。。。xD"
"2","@JuuhBleh hauahuaaua toh a trabalho aqui florzinhaaaa xD"
"3","Indo para o aeroporto http://t.co/kyCpRkKA"
"4","Fim de tarde na Bahia... http://t.co/GacdcwuZ"
"0","Dia lindo! http://t.co/XVWzM0FU"
"1","@ritsuppy Eu taquei fogo em todos os cds de VK que eu ganhei xD"
"2","Depois de um dia estressante, uma noticia boa, preorder ok!!! =)"
"3","E na conversa foram ao todo 32 “entendeus“"
"4","Te falar viu..."
"0","@pkiomy T_____T"
"1","Chegamoss nesse calor de Salvador cc@favilalima"
"2","@reshimura pode ser minha internet do cel q estah ruim xD"
"3","@reshimura ainda nao pq nao consegui nem acessar a pag... nao carrega de jeito nenhum"
"4","@brunorp a preorder eh soh para o nijon, nao vai sair em loja normal, soh no jstorm..."
"0","E sao 8:39 da manha e eu preocupada com o cd do arashi ainda...."
"1","@reshimura @paula_amnos tah fora do ar ateh agora... *tentando acessar..."
"2","Olha fazia tempo q o arashi nao me tirava o sono...."
"3","@reshimura @tathychan figado, rim, baco, membros tudo"
"4","@tathychan pois eh... isso em ebay da vida vai custar um figado"
"0","@reshimura nem eu, por isso a insoniaa xD"
"1","@tathychan exatamente, um por nego, e ainda nao ter para tdos q fizerem a preorder no prazo? eh desaforo demais"
"2","@reshimura q fizerem a preorder ateh dia 23..."
"3","@reshimura mas serah q tem qtidade? jah estipularam uma data limite de preorder, nao vai vender pra fora... tinha q pelo menos ter p tdos.."
"4","RT @pkiomy: Arashi, isso é preconceito, na boa!"
"0","@reshimura eu tb toh assim... no desespero, mesmo sabendo q a preorder vi ateh dia 23... vai saber..."
"1","Gostar eh isso... madrugar esperando preorder, chorar e suar pelas coisas... ter um fandom nao eh facil..."
"2","ARASHI causando a insonia..."
"3","@pkiomy migaaaaaaaa"
"4","@tathychan @ferlluna_ achei as coisas, tensao nessa vida heinnn"
"0","@tathychan que historia eh essaa???"
"1","@pkiomy miga depois vc ve seu whatsapp"
"2","@favilalima eh nois na Bahia o/"
"3","Bons ventos nos esperam! Mesmo q tenhamos caido ultimamente falta pouco p/ as coisas legais comecarem a acontecer!"
"4","@favilalima @pkiomy @HelderYagami cara eu toh rindo sozinha ateh agora! Mano... qta besteira xD"
"0","Rir com os companheiros de trabalho, faz qq hora extra mega divertida! cc @pkiomy @HelderYagami @favilalima"
"1","OHHHHHH MIRRRTAAAAAAAAAA!!!! cc @favilalima @pkiomy @HelderYagami xDDDDDDDDDDDDDDDDDD"
"2","ARGH QUE ÓDIO!!!!! >______________________<"
"3","Pq somos migas ateh nas roupas! ♥♥ http://t.co/c8bQJg9x"
"4","@pkiomy @genninhu @karlosjp @favilalima hauaihauayahauahyuaauahhsu xD"
"0","OOOOHHHH LAHHH EM CASAAAA <3 http://t.co/iybd64G6"
"1","Conversas com a @pkiomy sempre rendem mtas risadas!"
"2","Cara, pior q escrever o nome do evento errado, é ser eng. e ñ saber fazer conta... VÉI É SUA GRANA MANOLO!!!! OH MAN...."
"3","@pkiomy 8D te mato de rir xDDDD"
"4","argh... nao ficar na minha casa me deixa entediada...."
"0","file mignom ao molho de paprica ♥ http://t.co/iCne3PpB"
"1","Comida Alema com meus amores (^.^) cunhada e namo. http://t.co/2AWk8mU0"
"2","Restaurante Alemao com a cunhada e namorado <3"
"3","@Fla0907 adicionei, mas nao veio a dua msg"
"4","@Fla0907 uhummn o do 9"
"0","Bosta... serah q eh melhor eu desinstalar e instalar novamente esse whatsapp.,."
"1","@Fla0907 nao.... T,T"
"2","@Fla0907 @pkiomy @laariokada tah atualuzando os grupos... faz uma cota jah"
"3","@Fla0907 @pkiomy @laariokada vcs tao falando no grupo?"
"4","@Fla0907 @pkiomy meu whatsapp tah bugado flor"
"0","Juba de leaoooo :D http://t.co/J1MU8T0J"
"1","Disponibilidade para atender... São coisas que a gente não tem visto ultimamente... né @lulukusunoki?? 8D"
"2","@pkiomy é pra vc rir!!! 8D, compartilhe comigo meus gostos bizarros!!! xD vamo cantá no karaokê Nada vai tirar você de mim... \rapa"
"3","Na vibe nos grupos de pagode velho! xDDD"
"4","ODEIO GENTE DESLIGADA E TAPADA FEITO UM CONE! ODEIO!"
"0","OBVIO, a quenga vai fazer a fina ou vc acha mesmo q ela eh do bem? Deus me defenda...."
"1","@genninhu yep, tomando remedio pra conseguir dormir de boas sem dor"
"2","Deus me defenda..."
"3","@genninhu besta xD"
"4","@genninhu Mah que caralho! para de mimimi!!! Quer um abraco??? xD"
"0","@pkiomy @favilalima miga?? O.O tah bem?"
"1","@genninhu tah bravo ainda? xD"
"2","e finalmente a enxaqueca passou... mas ainda de oculos escuro... e o povo da TL tudo bebendo... que inveja..."
"3","@xlay sobe flor"
"4","@pkiomy @brunorp *dançando*"
"0","Tenho medo da minha miga @pkiomy, ;____;"
"1","@blancwing até vc miga T_T"
"2","@Marck_ @danmissono @Hyuuzu GENTE EU TENHO QUE ME CONTROLAR ALGUÉM LEU ISSO???? T_T não me façam mais vontade!!!!!"
"3","Toh com vontade de comer HAMBURGUERR!!! Um bem grandãooo!!!! ;____; mas não posso! tenho que ser mais forte que isso xD"
"4","@reshimura mandei email pra ti flor!"
"0","RT @thatii_regina:É oficial @cinchan_naoko tem 3 staff forever @Fla0907 @Grazzi_Goes e eu haha a ñ ser que alguem queira q a casa pegue fogo"
"1","@thatii_regina @Grazzi_Goes YEahhhh!!! <3<3"
"2","@thatii_regina @Grazzi_Goes ISSO MESMO!!! TACAREMOS FOGO NA SUA RESIDÊNCIA!!!"
"3","@Grazzi_Goes @thatii_regina AH MÁ NUM É MEMOOOOOO!!!! EU TENHO SEU ENDEREÇO VÉI! ò_Ó"
"4","@Grazzi_Goes @thatii_regina Vc tb viu Grazi!!! xDDDD"
"0","@thatii_regina HAUEHUEHUHEUHEU <3<3 Vc sabe que né? Eu amo vc! <3"
"1","@genninhu te odeio TAH"
"2","Bom dia, e eu pensando que ia demorar pra voltar aqui nesta faculdade...."
"3","@thatii_regina @Marck_ @Hyuuzu mtoo amorrr e obrigada pela capinha linda eu ameiii♥"
"4","@genninhu Yeah =)"
"0","@favilalima EU VOU TE LARGAR VIU!!! VOU SIMM!!!!"
"1","@genninhu Tá aqui?? =)"
"2","EU TOH MAGOADA COM O @favilalima!!!!"
"3","@Marck_ HAHAHHAHAHAVC NEM IMAGINA XD"
"4","@favilalima ALÁ!!! TÁ COM CIÚMESSS!!!!!! HAHAHAHHAHAHAHAHAH XD"
"0","DESEJAM LOUCAMENTE O MEU AMIGO @favilalima ENROLADO NUM TEMAKI! XD"
"1","@thatii_regina Obaaaaaaaaaaaa!!!! <33"
"2","@nananyan xDDD"
"3","Mata-looo!!! Correndo, correndoo!!! Ali estah!!! xD http://t.co/4o7fm1vU"
"4","Momento: Momoooo mata logo!!! Ele vai te acertarrr xD http://t.co/R3KPxEUp"
"0","Yeahhhh mexicaninhos ♪ http://t.co/JYhTZXEx"
"1","Yucatan!! Comida Mexicana com a familia ♥ http://t.co/tQhip6gf"
"2","putz toh no busao e acabei de lembrar q ia emprestar a cartucheira pra @Hyuuzu poutz.... esqueci florrr (-_-;)"
"3","@pkiomy @silviaiga olea eu aki genty! Nachan sua presenca eh essencial, claro q eu seria mto mais feliz se vc tivesse aki mas sei q vc esta!"
"4","Pq somis finalistas <3 @laariokada, @Fla0907, @pkiomy http://t.co/azdJh2oc"
"0","@thatii_regina uso sim flor!"
"1","QUE BURRO VÉI!!!!! cc @pkiomy"
"2","@Aibaty Dm flor!"
"3","@Aibaty quando é o show flor? =)"
"4","@thatii_regina OOOBBBAAAA ♥"
"0","@genninhu @HelderYagami @pkiomy @Marck_ @karlosjp @lulukusunoki @mayumiss CHOREY"
"1","@pkiomy QUEIMA E BLOQUEIA Q ISSO NAO TE PERTENCE"
"2","@genninhu @Hyuuzu HAHAHAHAHAHAHAHAHAHAHSHSHSSHSH HAHAHAHAHAHAHAHABBAVA"
"3","@thatii_regina vem um dia no escritorrrrrioooo (^o^)v"
"4","@Hyuuzu @genninhu @pkiomy @HelderYagami @Marck_ @karlosjp @lulukusunoki @mayumiss aeee galera aparecendoo"
"0","@thatii_regina saudadeee de vc tbm florrrrr (;_;)"
"1","@Fla0907 ahhhhh nao tem que terusica Nino fossaaaa"
"2","@favilalima mas o mundo eh redondo e nao chato o.o"
"3","@Fla0907 que por sinal deviamos repetir"
"4","Ai selecao de musica de fossa no ipod.... misia, kana nishido, aiko toh bemmm xD"
"0","@pkiomy hauauahauahsua /hug"
"1","A palavra que me define nesse exato momento: MEDO"
"2","RT @pkiomy: Ri mto hj no jmelo com @cinchan_naoko @D_Hatsu @Ricacruz"
"3","Que maneh Inoe Joe meu negocio eh ser fa do Ricardooo xD http://t.co/g7ypdOdq"
"4","Essa vai pra @jyudaime http://t.co/VzCyhFhT"
"0","J-melo para @d_hatsu http://t.co/Rmij2IRT"
"1","J-melo now http://t.co/AndlXbiT"
"2","@genninhu <3 saudades!"
"3","@pkiomy きおつけてね！！なんか。。。こわいい。。。/rapaforever! xD"
"4","@HelderYagami eh... 92 integrantes.. xD"
"0","O mais engracado foi encontrar um integrante do grupo antigo, e ele se lembrar de mim na formacao, e o proprio namorado nao lembrar...."
"1","Para a minha arashinha Karupin, GRUPO WAKABA http://t.co/KsZ2lDQP"
"2","10 Yosakoi Soran http://t.co/fgeuzIId"
"3","@ritsuppy @blancwing @pkiomy toh sim, mas nao com vc amor, vc alegraei dia sempre ♥"
"4","@ritsuppy @blancwing @pkiomy /rapa do ritsu"
"0","@ritsuppy @blancwing @pkiomy nem de brincadeira eu vestiria uma cueca e tapava meus peitos e tiraria uma foto xD"
"1","@ritsuppy @blancwing @pkiomy ... vc realmente e surpreende man..."
"2","@blancwing @pkiomy @ritsuppy La... foi impagavel de verdade... eu choquei com a pessoinhaa...."
"3","@ritsuppy @blancwing @pkiomy cara... vc realmente me surpreendeu... eu fiquei uns bons 5min olhando pra foto chocada..."
"4","@blancwing @ritsuppy @pkiomy nao soh vimos como salvamos a foto"
"0","@blancwing @ritsuppy vah cagar Ritsu, a @pkiomy me mostrou a foto que vc postou hj, sensualizando... soh q nao xD"
"1","sabe oq ehais engracado? eh que soh aparece qdo quer alguma coisa..."
"2","cara... soh pq eu toh com fome o mundo aparece comendo na minha frente... eh mta mancada isso...."
"3","@HelderYagami xDDDDD"
"4","@genninhu maldade xD"
"0","Ahhhhh mas vou fazer um brother chorar em 3,2,1..."
"1","@laariokada hauhauahauauua sempre <3"
"2","cara... toh mega cansada, mas jantar com a galera e rir loucamente faz qq cansaco passar."
"3","Volta da jaaaannntaaaa http://t.co/NdkQDiME"
"4","Comiiiidaaaaaa http://t.co/aYUvaqul"
"0","GALETOOO http://t.co/TV02huJg"
"1","Galetoooo RJ http://t.co/3Q4cqJwl"
"2","@Usagi_Hoshino Itsumo Arigato ne! <3"
"3","@genninhu @pkiomy @leandrocruz Saudades de vcs T____T VOLTEM AGORA! T___T"
"4","@pkiomy 8D"
"0","@pkiomy Miga mandei whatsapp"
"1","Ultima visao do Peru antes de capotar xD http://t.co/pih7tIkG"
"2","Rumo a minha casa ♥ http://t.co/AJDlItEg"
"3","Nihon mitai naaa～ http://t.co/DATiXr9m"
"4","A los tres agies ceviche http://t.co/KNTiDNKg"
"0","RT @karlosjp: @leandrocruz @cinchan_naoko como pode, Meu Deus..... #failmasterdasgalaxias"
"1","@leandrocruz @karlosjp veiii... tensao na night...."
"2","@genninhu frias dee buenas por enquanto. (^-^)v"
"3","@pkiomy miga mandei whatsapp pra vcccccc"
"4","Cansaaadonaaaa... mas bora pra passagem de som que comeca meia noite o/"
"0","@chibimartins hauhsuahauahauahys toh compartilhandooo xD"
"1","Piruuuuu http://t.co/WQIcWH54"
"2","Lomo saltado ♥ http://t.co/Om9Pbyoa"
"3","Parque Kennedy http://t.co/DoSaPoRc"
"4","Um Classico xD http://t.co/jqDE9sd2"
"0","O ceviche do Peru eh taooo gostosooo http://t.co/hq0fzitj"
"1","@cesargois daijobu depois vc me dah (^_^)"
"2","3 horinhas de sono e eu jah volto pro batente... #AF2012"
"3","Kaya mais tradutoras ♥ http://t.co/N3RNt768"
"4","A belatrix mais linda, companheira de Japao YCC Nacional Anime Friends 2012 http://t.co/rVCRWicB"
"0","BEAKMANNNNNNNNN http://t.co/c1KcK3KO"
"1","OMMA TA BOM DEMAISSSSS NA AF 2012 http://t.co/S1iT4ifl"
"2","e q @nkarupin e @JuuhBleh estao causando em minha vidaaaaa"
"3","Que saudade que eu estava da @nkarupin ♥"
"4","Sorriso Maroto na night hoje xD"
"0","Boa.... minha impressora bugou...."
"1","A @Hyuuzu não quer escutar as minhas músicas HAHHAHAHAHHAHHA!!!!!! Kuduro e tchu tchá para o @Marck_"
"2","Sinto que morrerei com essa trilha sonora xDDDDDDDDDDDDDDDDDDDDDDD"
"3","@Fla0907 vishhh melhor vc levar então xD"
"4","@Hyuuzu Sorriso Maroto! HAHAHHAHAHAHHA"
"0","e BORA SEPARAR AS MUSICAS PRA P2!!! ACEITO SUGESTÕES!!!"
"1","almoçando agora...."
"2","@Fla0907 O que tinha que imprimir mesmo???"
"3","おはよう～♪"
"4","@Jyudaime onde seu cabelo eh feio e ruim sua louca??? seu cabelo eh lindo e tah sempre impecavel"
"0","@Fla0907 @laariokada Deus que foto horrorosaaaaa"
"1","O que eu mais recebo são comentários das pessoas me perguntando de onde eu tiro Jurados tão bonitos para o @KPOPCChallenge xDDDd"
"2","@pkiomy miga dm"
"3","RT @Mah_Minini: @LocoLotion uma coisa para refletir: a flexibilidade do Kaya uHUAHahuHUHUAUHahuaHUahua cc. @cinchan_naoko"
"4","Anime Friends 2012 KAYA http://t.co/auw2Z7l9"
"0","muito obrigada aos staffs da p2 do kpop do cosplay do palco a plu e ao kuroda por hj, vcs foram demais hj"
"1","Acabei de publicar uma foto http://t.co/V1820M3b"
"2","Acabei de publicar uma foto http://t.co/cTtXr9zs"
"3","Detonator Anime Friends 2012 http://t.co/uAqdlDmk"
"4","pq se o corinthians perdesse, amanha sampa ia parecer Silent Hill.."
"0","agora toh sossegada, teremos uma cidade inteira amanha! xD"
"1","eh nessas hrs q Deus se pergunta: Pq tao inteligentes e ao msm tempo tao primitivos? quer comemorar pode mas nao parecer um bando de imbecis"
"2","Genty vai cair o predio xD"
"3","vai dar briga e eu que nem adoro porrada, vou achar mega engracado os maluco se pegando xD"
"4","@pkiomy @KinKi_Kids_bot oh man!"
"0","Jogasso, corinthians tah jogando muito bem merecendo ganhar, nao que o boca nao esta se esforcando, mas tah dando Brasil."
"1","@Fla0907 okkk (^.^)"
"2","@Fla0907 isso que eu vou mais cedo XD"
"3","@Fla0907 Quer encontrar comigo?"
"4","e termina o primeiro tempo, quero ver se guarulhos tah inteiraaa xD"
"0","@Fla0907 as 9:00 tah bom Flaaaa"
"1","MANOOOOOOO <o>, que loucuraaaaaaaaaaaaaaaaaaaaaa!!!!!!!!!! SOCOOOORRRROOOO!!! #AF2012"
"2","mano... centro bombando por causa do jogo... uma porrada de gente gritando.."
"3","Deus... Pq sempre as mesmas perguntas? Será que as pessoas não sabem ler não???? Te falar viu..."
"4","Bom dia, AF na tensão e eu esqueço o celular em casa... SHOW!"
"0","@yamatomusic @animefriends KPOP COVER CHALLENGEEEE ＼(^o^)／"
"1","@Hyuuzu leticia cade a minha artcdo gerador??? vc foi embora e nem me deixou um recado sequer!"
"2","Ehhh nao tah facil nao... http://t.co/SB4zxXpf"
"3","Vou arrancar meus cabelos... Isso é um fato... Vou arrancar.... Ficarei careca de tanta preocupação... ;____;"
"4","@leandrocruz brother... na moral..."
"0","@dana_aoi eu ameiiiii"
"1","Capinhas do amor que a linda @dana_aoi me presentiouuuuu!!!♥ obrigada sua linda!!! http://t.co/Lr6cVGqQ"
"2","Bom dia! Começou o mês mais corrido EVER do ano!!! Vamo que vamo povo!!!"
"3","@karlosjp Nichan tah jogando o Chamado da poeirinha HAHHAHAH neh @favilalima"
"4","Boas noticias para essa noite!! Neh @Fla0907 *_*"
"0","@Fla0907 msn"
"1","@Fla0907 Toh aqui Fla!"
"2","@tathychan @pkiomy Nooosaaa miga mega fofa a sapatilha! EU QUERO"
"3","Mega chateada"
"4","@dana_aoi @masterxmind simmm ♥♥♥ vou ler novamente e dormirrr boa noite suas lindas ♡"
"0","A causa dos meus olhos estarem inchados de tanto chorar *Boys next the door http://t.co/ts2jzAF4"
"1","RT @animefriends: Informação: Dia 05 o evento abre às 12h pessoal! Nos outros dias o evento abre as 10h. E em todos os dias se encerra à ..."
"2","@dana_aoi @masterxmind Deus do ceu meninas toh ateh lendo de novo chooorrraaaa"
"3","@Jyudaime @alexyohei @pkiomy @dana_aoi @Marck_ @cesargois tava bom mesmp jah pode casarrr"
"4","@masterxmind @dana_aoi eu estou surtando aloka, “Adrian ore no koto suki??“ chora litrus de lagrimas"
"0","@dana_aoi MUITO AMOR NESSA VIDA NAO TOH ME AGUENTANDO DE TANTO QUE CHOREI"
"1","@ritsuppy Vai cagar (-.-)"
"2","@masterxmind @leandrocruz tahhh baummm vou falar com ele, se meus olhos abrirem amanha xD"
"3","e cade a @dana_aoi pra eu surtar e chorar litrus com ela???? T_T"
"4","@masterxmind flor falarei com o @leandrocruz pra marcarmos pra amanha ou segunda pode ser???"
"0","T_T ai Deus... vou ler novamente.... ai Deus.... meu olhos..."
"1","Ai meu Deus esse ローレンス que menino mais amor nessa vida... ai gente toh chorando litros...."
"2","MANO TOH CHORANDO LITRUS COM O MANGA QUE A @dana_aoi ME ENPRESTOU!!!! TOH DESIDRATANDOOOOO"
"3","RT@animefriends:Bada Bing, Bada Bang...BAABAAA BRASIL!!Confira agora o video que Beakman mandou para você! http://t.co/fbl6KI8n"
"4","@TomokiDoicha Bom dia! \(^_^)/"
"0","@Jyudaime Fala com a @nanah___ Ela que tem flor!"
"1","@Jyudaime Tem sim"
"2","E hoje, estou praticamente como uma estudante do Nihon, só que mais velha e feia HAHAHAHHAHAH xDDDDD"
"3","@dana_aoi @Jyudaime Oh man, vcs me matam de rir e de vergonha isso sim!!! xD Eu super me achei enorme na foto O_O"
"4","mah que morno q tah esse jogo..."
"0","@blancwing @ritsuppy @pkiomy Eh que o jogo tah tao interessante... soh que nao... Dai li errado...."
"1","@ritsuppy @pkiomy @blancwing jurro que li saci jah ia zuar falando q o Ritsu curte perneta HAHAHHAHAH"
"2","RT @graveheart: São Paulo registra 0 crimes nesse momento. Só uma senhora que pediu pizza e foi xingada pelo telefone."
"3","@Mah_Minini nehhhh (-_-;)"
"4","Eu tenho medo de fogos mae... http://t.co/Oc46VD7s"
"0","@dana_aoi nao fala assimmm (ToT)"
"1","é isso ai! E Deu Espanha! HAHAHHAHAHHA"
"2","É... nunca tá perfeito..."
"3","Cadê a P2? Toh esperando todo mundo nessa AF!!! <3<3 saudades de todos os meus staffs!!!!"
"4","@luhimura Vai ser linda assim viu... dá até raiva!"
"0","@luhimura QUE FOI??? O_O"
"1","@LocoLotion não tem no chikut?"
"2","Ao som de Arashi e muito Jpop pra aguentar o dia tenso!!!"
"3","@HelderYagami @genninhu sei lah eu dei como missso abortada"
"4","RT @Planeta_otaku: Atenção galera, o ator de BEAKMAN - PAUL ZALOOM , vai estar no @animefriends 2012!! Não Perca! http://t.co/PPydcTj2"
"0","Toh gripadaaa uhuulll(-_-;)"
"1","dor de cabeça dos infernos"
"2","@luhimura o @HelderYagami diz: reuniao??? que reuniao que nao to sabendo (・・;)"
"3","Em Sto Andre, sem hr pra voltar..."
"4","Jantar a luz de vela ♥ http://t.co/zFDG4SDP"
"0","@Marck_ podia ter ido viu...."
"1","podia ter ido na festa junina com o @Marck_ ...."
"2","@Marck_ agora toh amo!"
"3","vc acha que me engana neh??? ahhh mas eu vou te fazer chorar se insistir em mentir!"
"4","mano... JURO QUE RAIVA"
"0","tem gente tirando com ainha face"
"1","@genninhu brother, mas a foto eu literalmente parecia o Roberto Yudi xD huasaauajsusshsua ._____."
"2","e eu pensava que arujah nao era tao longe de guarulhos... mas eh xD ahhahaa"
"3","@Jyudaime linda eh vc♥ te abraco simmm ♡"
"4","toh me sentindo feia... (;o;) fui olhar uma foto minha e me senti um traveco xD"
"0","Escutando Glay, pq a voz do Teru eh linda demais, e me faz lembrar bons tempos..."
"1","Que vontade de chorar"
"2","T___________________T"
"3","Deus.... o mundo vai acabar...."
"4","membrA mais nda a declarar"
"0","@pkiomy @blancwing @brunorp @galinhadura quueee amoorrr e pobreza..."
"1","@ritsuppy @pkiomy @blancwing antes piroca do q o hamster! poem na rodinha"
"2","@pkiomy @ritsuppy @blancwing vou falar pra vc no que o Hiroki pira ♥"
"3","@Fla0907 @laariokada vai piorar acredite"
"4","Eita acho que vai dar Santos"
"0","@ritsuppy @pkiomy @blancwing DUVIDO"
"1","@laariokada @Fla0907 haushuuaaus"
"2","@ritsuppy @pkiomy @blancwing vc de LOLITA NO CONCURSO TODA TRAVECA"
"3","@pkiomy @blancwing uhummmm facinnn facinn"
"4","@Fla0907 brigadaaaa florrr ♥"
"0","@blancwing mto util por sinallll xDcoloco esmaltes nela"
"1","baguncinha.... http://t.co/bVLOwGAg"
"2","O @ritsuppy só fala...."
"3","acabar com o silêncio e a calma do escritório, eu domino esta arte."
"4","cachinhos, durou o dia toodddoooo ♥ http://t.co/F1ol23cB"
"0","ENG ELETRICO E TELECOMUNICAÇÕES, FODENDO A MINHA VIDA!! SEU CRETINO!!! ARGH!!!!"
"1","E hoje eu completo 8 anos de namoro! <3"
"2","Posso cantar e dançar? Bom se vc conseguir fazer ambas as coisas sem ficar escroto pq não?"
"3","SOS @brunorp toh ouvindo AKB48!!!!!"
"4","@favilalima perco o amigo, mas não perco a piada brother! Vc e o @genninhu me ensinaram a ser assim 8D"
"0","@favilalima Seu corpo não aguenta nem um espirro do vizinho magriça!"
"1","pensa em alguem q consegue me tirar do seriu... te falar viu...."
"2","@jifushin yeeeeah♪♬"
"3","@jifushin もう少しだけ、ブラジルあるから♥"
"4","Pensa numa pessoa toda bagunçada e feia? Sou eu hoje... xD"
"0","@Fla0907 HHSHAHSHHSHSHS"
"1","RT @Kaya_rose: ブラジルとメキシコでのライブ、とっても楽しみ！(*´ω｀*) Eu espero que encontre com voce de novo♪ Estoy esperando verle a usted♪ みんなどの曲が聞きたいかしら！？"
"2","vontade de comer milho"
"3","saudade de tempos que nao voltam mais..."
"4","Cara! Esse povo do trampo é tudo doido!!! HAHHAHAHAHAHAHAHHA xDDDDDDDDDDD"
"0","RT @yamatomusic: Hotzone do #KayaNoAF disponível no site do @animefriends =D"
"1","@pkiomy mandei jaahhh xD"
"2","atencao @pkiomy te mandei whatsapp"
"3","@momo__k wow parah de reclamar!!! e vem aqui me visitarrr ♥"
"4","olha como sou folgado xD http://t.co/tj8QQBeN"
"0","FOMEEEEEEEEE (;o;)"
"1","@ritsuppy @blancwing @pkiomy vish comecou o barraco /lixa"
"2","@blancwing @pkiomy vaaaamoossss ♥"
"3","@Fla0907 hahuahauyu leva siiimmm"
"4","@blancwing ありがと～う♪"
"0","@Fla0907 amanha? leva as cores q vc quer q eu faco xD"
"1","unha colorida (^_^) http://t.co/CbCQhCbr"
"2","golaco do curintia O_O"
"3","@pkiomy @brunorp verdade /lixa"
"4","@pkiomy @brunorp oiii miga eu tb sou linda nehhh???? 8D"
"0","@Fla0907 huahauahsushaushsu serah q ele sobrevive ateh amanhaa?"
"1","@brunorp @pkiomy claro que vai /ora vc me disse no msn /lixa"
"2","@brunorp @pkiomy PRISCA O BRUSCO VAI VIR NA AF PRA TRAMPAR E TE PEDIR EM NAMOROOO"
"3","@brunorp @pkiomy NEM VOU FALAR NADAAAAAAAAA"
"4","@pkiomy hahuahauyu eu tb miga xD"
"0","@pkiomy eh miga hj nao foi facil nao..."
"1","Mano.... respira respira...."
"2","RT @KPOPCChallenge: Olá K-popers!!! Hoje se encerram as inscrições! Estaremos aceitando até as 23:59!"
"3","Bom dia! Nada como tomar um susto logo pela manhã, né @Marck_ ? <3 ahuehueahauehahe xDDD a Coreana que fala Chinês."
"4","Okey, o manolo fez a dancinha do michael jackson..."
"0","RT @KPOPCChallenge: Muito obrigada à todos que se cadastraram!! Batemos um recorde! Já temos mais de 40 cadastrados!"
"1","Legal, eu não escuto a música... Escuto a mulherada gritanto só... E ai como julgar?"
"2","Oh man... cada coisa que eu tenho que ver...."
"3","brigada Geee @genninhu http://t.co/nmouxGhd"
"4","mano.... não pára de sangrar a minha pinta O_O"
"0","Eu tenho uma pinta no rosto, meu cachorro fez o favor de morder ela ontem e eu fiz o favor de esquecer e tacar a unha sem querer... T-T"
"1","T____T"
"2","Obrigada pelo choco da Kitty-chan @genninhu <3"
"3","@genninhu FALA XUXU!!! <3<3"
"4","Arashi, para colorir o meu dia dos namorados <3"
"0","@Fla0907 =)"
"1","Bom dia! <3"
"2","@pkiomy esqueci meu bento contigo xD"
"3","vontadinha de comer um Lamen do amor <3"
"4","@nananyan daijobu viu! <3"
"0","Detesto gente que não assume as coisas ou ações... Vou te falar viu.. ¬¬"
"1","@Saya_NONAME HAHAHHAHAHHAHAH sua linda! <3"
"2","@luhimura <3 Juraaa??? <3<3"
"3","@luhimura VOLTOUUU!!!! <3<3<3"
"4","@luhimura após me abandonar, seu cérebro voltou a ser igual daqueles manolos que pensam q tudo que tem olho puxado é chinês..."
"0","@luhimura Minha querida comparsa Luciana, é... Não!"
"1","@blancwing Pois é miga, CHINÊS!!!"
"2","MAN!!! A MULHER ME RESPONDE EM CHINÊS!!! VÉI!!! DE ONDE ELA SUPÔS QUE EU ENTENDO CHINÊS??? CHINÊS!!!!"
"3","RT @KPOPCChallenge:ATENÇÃO K-POPERS!Para os grupos que ainda não mandaram seus cadastros, corram, pois estaremos aceitando até o dia 13/06!"
"4","Bom dia! <3"
"0","@ritsuppy (*^^*)"
"1","@ritsuppy o do msn mesmo amor, eh oq eu mais uso ♥"
"2","@ritsuppy manda por email, toh no cel xD"
"3","tenho fome..."
"4","@ritsuppy Naum quero saber, pode me mandar! fica ai surtando feito loko, agora quero ver quem eh ♡"
"0","@ritsuppy quero fotos! AGORA!"
"1","boa noite... com frio e preguica"
"2","@ritsuppy quem eh o sortudo?? (^.^)"
"3","capinha da kitty chan http://t.co/ylE4U3Be"
"4","ねむいなぁ～"
"0","Dia mara com @pkiomy e @blancwing adorei ♥"
"1","Yonei san eh uma fofa♥"
"2","Acho que sou a unica de boas aqui, vi a noticia de madruga no face e nem tchum pros caras..."
"3","BIG BANG causando na minha TL hoje viu xD"
"0","@genninhu NAO DAH IRMAO!!!"
"1","Na boa véi... Estou desacreditada"
"2","@Yakopatty sua vida por um mordomo?? Ele deve ser bem bonito então xD"
"3","Acho que tá escrito na minha cara, SOU RYCA, só pode mano... Sem condições...."
"4","Oh man... Comedores de cachorros estão brincando com a minha face hoje..."
"0","@pkiomy não largueiiii xD"
"1","@pkiomy olhe seu whatsapp por gentileza xD"
"2","janta ♡ http://instagr.am/p/Llzn2GRlvR/"
"3","@ritsuppy xD toh boa"
"4","@ritsuppy afe nao consegui entender nada do q vc escreveu"
"0","バナナケーキできた♪"
"1","bolinho prontooooo♥ http://t.co/FqQahkKu"
"2","bolo de banana em andamento http://t.co/7yOGKGQt"
"3","@laariokada @Fla0907 @pkiomy huauyhauahauyaua St Paul xD"
"4","A pessoa me manda 5 vezes o mesmo cadastro... 5 VEZES!!! PRA QUE???"
"0","Tão gostoso receber elogios!!! AHuahuaehuehuhae vou vir todos os dias de bota agora xDDD HAHAHAHHAHA xDDDD"
"1","fome e preguica... acho q vou dormir com fome"
"2","MANO BIG BANG! E TÁ BOM!!! O____o"
"3","OH MAN!!!! Homens dançam MTO MELHOR que meninas, mesmo sendo música de mulher COMO ASSIMMMM????"
"4","E vamos de Neverland do U-Kiss agora xD"
"0","@Lili_1511 Vendo os videos e fazendo a pré-seleção para o Concurso xD"
"1","Olha manoooo agora tem EXO!!!! primeiro video de um solo de EXO"
"2","Okay até eu já sei dançar Good bye Baby e Volume Up de tanto video que vi =____="
"3","おなかすいた！！@pkiomy 一緒に食べましょ～う！(^_^)/"
"4","Aibetes são dignas de tosquices? vou mudar de ichiban, palavras de @Mika_Meekah"
"0","@Mika_Meekah TE DESEJA!!!! 8D"
"1","Sim, pq eu sempre leio as coisas mais bizarras na minha TL xDDDDDDDDDDD"
"2","GOSTA DESSA ROUPA @Mika_Meekah HAHAHHAHAHAHHAHAHAHHAHAHAHHAHAHa"
"3","E como uma simples conversa me faz rir muito nesta manhã chuvosa!"
"4","A pessoa é muito cara de pau!!! MUITO!!!!"
"0","namorado descobre kaomoji no iphone... aguenta ele mandando as carinhas agora..."
"1","@genninhu hey nada de fraquejar man, vai dar tdo certo"
"2","@genninhu (^_^)"
"3","@genninhu vc precisa eh de uma boa torta de limao (*_*) forca aeeee e olha q soh tah comecando"
"4","Enfim em casa"
"0","@genninhu pra que jogar??? nao serah um bon guerreiro assim"
"1","@ritsuppy nao eh ijime eh a realidade /ora"
"2","@blancwing MIGA AKILO DE SEXTA FOI FICHINHAAAAAA"
"3","@laariokada @Fla0907 tensao eh pouco xD"
"4","@brunorp huahausu eh q vc nao ve oq eu vejo amor"
"0","Pessoa nao tem vergonha na cara, danca feio e parecendo um boneco do posto e reclama pq nao foi selecionado... WHY????"
"1","MANO, Good Bye baby, vou enjoar dessa música"
"2","Nova modalidade de dança: NÃO DANÇAR!"
"3","@Fla0907 abraça =_="
"4","Oh man... estragaram Intoxication...."
"0","Konbawa! Mada mada ippai shigoto aru yo!!! =___="
"1","@Hyuuzu E foi Letiça! 14 14 20 20 14 14 30 30!!! uhullll"
"2","ああ～あまりにも疲れている..."
"3","Nem o lamen coreano mais spicy tá me fazendo chorar, de tanta raiva que eu estou"
"4","Obrigado, por FUDER a minha vida"
"0","RT @MASAmixes: Dia 13 de julho tem DJ Masa no #KpopDay do @animefriends!"
"1","@Jyudaime <3"
"2","@HelderYagami pode botar fogo na casa dele Ò_ó"
"3","Coloca uma música calma Cinchan, respira... Não se estresse logo cedo... ARGH NAO DÁAAAAAA"
"4","Deus, por favor ilumine a cabeça do meu engenheiro, FAÇA ELE ATENDER A PORRA DO NEXTEL OU CELULAR SENÃO VOU ATÉ STO ANDRÉ ATRÁS DELE! Ò___Ó"
"0","Bom dia people!(^.^)"
"1","ねつが出た。。。(-_-;)"
"2","@pkiomy どうしたのか？(;_;)"
"3","@pkiomy 大丈夫？(・・;)"
"4","@D_HIROKI_D おはよう♪!!! いってらしゃ～い(^o^)/"
"0","@danielverna feliz niveeerrr Ku, <3"
"1","cara no busao sentado atras de mim fica tossindo e nao coloca mao na boca pow"
"2","@Ri_cky boa viagem filhooo"
"3","@HelderYagami ééé menino Doug tamo lascado!"
"4","@Mah_Minini <3 a fineza em pessoa 8D"
"0","ENGENHEIRO FILHO DA PUTA! ARGH!"
"1","眠いなぁ～　でも仕事まだいっぱいあるよ。。。(*´ο`*)=3"
"2","RT @sarangingayoBR: Venha conhecer o #KpopDaynaAF nos dias 7 e 13 de Julho na Anime Friends 2012 http://t.co/IvfwNIeb"
"3","RT @sujubr: ELF's, vamos nos encontrar no #KpopDaynaAF e preparar algo especial para o SuJu?"
"4","E vamos trabalhar, em pleno sabadão"
"0","@Hyuuzu vem pra cah xD"
"1","Vendo videos, selecionando a galera! Vamo que vamo #kpopDaynaAF"
"2","@pkiomy dancinha da Cinchan, só que sem bandeirinhas!!! xDDD"
"3","Ao som de Nhyanto-Shippo De? em homenagem a @dana_aoi que me fez escutar essa versão fofa!!! E o @D_HIROKI_D de Pirooooki!! かわいい～にゃーあああ！！！"
"4","Almocinhoo do amor http://t.co/rUB0s08"
"0","@Mika_Meekah sua linda!!! Tb tenho saudades T___T"
"1","@karlosjp Tá ardendo agoraa T____T não ri!!! Dóiii wow! xD"
"2","Nossa... quase soltei todo o chá pelo nariz >_<"
"3","maeee naum tira foto, vamo durmiii http://t.co/l6yFFd0"
"4","em casa ;)"
"0","@HelderYagami @pkiomy afeeee"
"1","@flavasoundcrew 元気です！！良心さんは？ここブラジルで、我々はまた良心さんに会いたい... (T____T)"
"2","@Fla0907 Avisa simmmm"
"3","@Fla0907 FLAAAAAAAAAAAAAAAAAAAAAA T__________T posso te confirmar para a AF né??? /sei"
"4","Ahhhh manooo T_______________T"
"0","@flavasoundcrew RT: あの方がいるんで間違いなく珍道中w ブラジルの皆に宜しくお伝えくださーい!//日本からブラジルへ逃亡し、私達を訪問してくる！♥♥♥♥"
"1","FOMEEEEEEEEEEEEEEEEEEEEEEEEEEEEEEEEEEEEEEEEEEEE"
"2","Estou triste com o @danmissono"
"3","Em Lima, Peru. http://t.co/yNQhw0g"
"4","@Saya_NONAME HAUEHUEHUHEUEUHE xD amigaaa T____T saudades!!"
"0","GRIPE SAI DE MIM!!!! EU PRECISO TRABALHAR!!!! COM ESSA GRIPE E ESSE SONO MALDITO NÃO DÁÁÁÁÁ!!!!"
"1","CADE EDUARDO E MONICA??? E FAROESTE DE CABLOCO????"
"2","@karlosjp hauhauahaua :D"
"3","@nananyan HHUQYAHQUAYHYYS cantavam mal assim???"
"4","@karlosjp @favilalima nichan vc nao curte Legiao, mas curtia morning musume.... vc tem um gosto tanto duvidoso xD"
"0","@genninhu @tathychan arashi boladao xD"
"1","@favilalima vetdadee vontade de voltar a ouvir"
"2","@danielverna saudades de vc gordinhooo"
"3","@tathychan @genninhu nao adianta, tah ruim."
"4","engracado como faz anos q nao ouco legiao, mas ainda sei cantar boa parte das musicas <3"
"0","@genninhu @favilalima zuado..."
"1","@favilalima neh mew... que desgosto velho.... cara de chacoalhando parecendo um boneco de posto..."
"2","amo legiao... wagner moura tah fazendo o renato russo se bater de desgosto no caixao..."
"3","tributo ao legiao, wagner moura cantando horrores, soh que nao."
"4","sabe qdo fazia tempo que vc nao sentava com sua amiga e batia um papo bacana? pois eh, isso jah foi resolvido com a @pkiomy <3"
"0","@silviaiga olha essa Nachan incentivando a violência no trabalho xD cc @pkiomy"
"1","@TomokiDoicha お疲れ様でした！！"
"2","Gripe filha da mãe, não toh conseguindo respirar direito!"
"3","@dana_aoi @pkiomy @daiiikin @masterxmind @Marck_ HAHAHHAHAHHA xD FATÂO!!!!"
"4","E eu descobri qual era a música q eu dancei para a @pkiomy no show do D no Chile, foi Night Ship D HAHAHHHAHHAHA xDDDD"
"0","Bacana quando vc tem a sensação de que a pessoa só fala com vc quando quer alguma coisa.... Vou te falar viu!! ¬¬"
"1","A arte de fazer os amigos quase chorar, eu domino! ;D"
"2","Quem teme ao Senhor terá também uma excelente amizade, pois seu amigo lhe será semelhante. Eclesiáste,6 cc @genninhu"
"3","@pkiomy brigadeirooooo"
"4","xenhenhem xenhenhem xenhenhem, vou fazer de tdo pra ganhar um xenhenhem, eita musica bacana q tah tocando la fora...."
"0","@Fla0907 pega, vai ficar linda"
"1","okey.... onde guardar as coisas do D que ganhei??? >< tenho que arrumar algum lugar"
"2","me ferrei, agora mesmo que eu nao queira terei que aprender a escrever msg em nihongo xD"
"3","brincando de decorar capinha de cel http://t.co/0wZWPpJ"
"4","@genninhu @pkiomy nao naoooo olha ai Kiiiii"
"0","@blancwing simmmm <3"
"1","@genninhu @pkiomy vc me chama de de gorda e me faz chorar!!!! bate nele kiii"
"2","@genninhu @pkiomy mas me induz, hahahahaha... bem.... pensando bem... acho que eu jah faco isso sozinha xD"
"3","@genninhu @pkiomy olha quem fala"
"4","eu induzindo a @pkiomy a gastar okane.."
"0","cade a @pkiomy que me abandonou no whatsapp"
"1","@Fla0907 eh nois entao Flaaa o/"
"2","@Fla0907 vamos qdo vc sair dessa vida bandida, pode ser???"
"3","preciso sair e comprar mais maquiagem, quem se habilita??? :)"
"4","quero mais maquiagem <3 http://t.co/tFjQYes"
"0","vontade de jogar tudo fora...."
"1","e ainda reclama q nao tem... e olha que eh so uma parte http://t.co/NHyojOt"
"2","@ritsuppy @blancwing HHAHAHSHHSHSHAH JESUIS Ritsu de bikini que delicinha ;P"
"3","@blancwing @ritsuppy huahuussusys nehhh xD"
"4","arte parte2 http://t.co/iHWnlTs"
"0","@ritsuppy HAUAHUHAUAHAYAUA vc nem vai usar"
"1","@blancwing uhummm vi a @moonicao fazer e tentei tb xD, soh que ficou um pouco larga xD"
"2","Fazendo arte <3 http://t.co/mzjNwtx"
"3","ceu mais que lindo http://t.co/XYNxIS0"
"4","sonhei q estudava na ckasse da @Hyuuzu e ela me deu uma pastada na cara xD"
"0","@masterxmind @dana_aoi vishhh segura a campea aiii"
"1","@pkiomy @genninhu @masterxmind @dana_aoi neh??? Quero comer no Outback"
"2","@masterxmind @genninhu @dana_aoi @pkiomy era pra nós estarmos ai, mas o cansaço tá foda! watashi wa bacchan da yo!"
"3","@genninhu @masterxmind @dana_aoi era pra eu estar ai, se não tivesse morta em casa xD"
"4","@pkiomy é uma arte xDDDDDDDDDDDDd"
"0","Fazendo um bolinho de banana em homenagem a um artista que nunca mais me fará olhar para as bananas sem dar risada!!! xD hiroki do amor!"
"1","e de pensar que semana passada a essa hr eu tava trampando xD"
"2","@pkiomy tah melhor amiga?"
"3","hj eh dia de ficar deitadaaa e dormindooooo <3 http://t.co/JsoNLCQ"
"4","Heso me acordando... lambendo todo o meu rosto e querendo me dar o osso dele pra mim xD <3"
"0","@genninhu ai carai que que se fez????"
"1","@ritsuppy 8D"
"2","@ritsuppy homem??"
"3","quero um copo de morango batido"
"4","@pkiomy @masterxmind @dana_aoi aeee tem que mostrar a ginga xD"
"0","@masterxmind @pkiomy @dana_aoi Deve ter sim, e eu ainda dancarei xD"
"1","@pkiomy Vamo aprender aquela que eu fiquei dancando pra vc HAHAHAHAHSHSHSHJ"
"2","todos moh amor com a @pkiomy e eu toda ogra... te amo migaaaa XD"
"3","QUE PORRA EH ESSA @pkiomy??? escutar D???? miga, vai descansar, vc nao tah boa"
"4","O @genninhu me magoou!!!! ELE DISSE QUE EU TOH GORDA!!! *chora*"
"0","Meu Deus... toh acabada"
"1","@Fla0907 @pkiomy vish... semana que vem de noite talvez???"
"2","@pkiomy fato, qdo estamos cansados pensamos mta besteira...."
"3","cafeh da manha dos fortes http://t.co/ctVupV4"
"4","lhammmmassss http://t.co/SycKzmv"
"0","peruuuuu http://t.co/k7jQ96B"
"1","uwa... merda... falando japones com chileno, espanhol com japones, portugues com qq um... aaaaahhhhh"
"2","oishiiiii http://t.co/LNuzAcK"
"3","comidaaaaa 8D"
"4","@D_HIROKI_D お疲れ様でした♪"
"0","Minnnaaa!!!!!<3 http://t.co/ns6TVTb"
"1","Acabei de publicar uma foto http://t.co/7NBq61l"
"2","Saindo do hotel com o D, indo passear com a galera e depois Peru!! ;)"
"3","E meeting terminando, gente chorando e eu aqui arrumando as coisas da banda xD"
"4","@D_HIROKI_D <3"
"0","Work! #Dnobrasil"
"1","tá eu já sei que o carro que está sendo roubado ai embaixo é monitorado pela car sistem T_T alguém faz esse treco parar!Não consigo pensar!"
"2","@brunorp EH NADA!!! /explod!!! HAHAHHAHAHHAHAHAH"
