"0"," : a gente que somos - Dilma "
"0","Sorte?  pessoas tem sorte. Vão sair da porcaria do enem e vão pro shows do jonas..eu? ficarei fazendo trab. de física ¬¬ "
"0","Hoje todos os artistas estão morrendo no orkut !  "
"0","Vou dormir galerinha ! Boa prova pros fortes e boa sorte pros fracos ! Boa noite a todos ! "
"0","Bom dia ! Hoje mais um dia cansativo e stressante de prova ! Hoje é meu dia: EXATAS !! Venha a redação !!  "
"0","Qual o problema do Tiago ? Ele botou a foto do Arthur no perifl do Orkut, rs. "
"0"," : Procuro estágio na área de Relações Internacionais. Por favor, ! "
"0"," Estágio bom esse hein ! "
"0","Tô  com o twitter ! Do nada apareceram varias pessoas com following ! Que porra é essa ? "
"0","O Estadão ontem colocou frase de meu fake,onde se gabava de ser o maior critico do brasil e coisas semelhantes. Me ajudem a denunciá-lo."
"0"," :  que teve um idiota que botou uma estátua numa piscina! caralho! numa piscina?!? "
"0"," com muita pena do irmão de uma delas. =/ "
"0"," E a chapinha fica aonde ? A chuva é legal, o que quebra é que ela molha ! rs To brincando .. "
"0","Tudo o que eu tanto queria aconteceu, só que no tempo errado. "
"0","Que delícia, ter que procurar a biografia política dos candidatos a presidente. ¬¬' "
"0","quase morri vendo o novo vovozona.. que horror! nao sai no meio porque eh contra minha regiliao ehehe mas esse merecia..."
"0"," : Proibir uso d relógio em 1 prova c 90 questões em 4H30 é de 1 incoerência tão grande q deveriam incluir 'ironia' no ... "
"0"," ..quando eu acordei não tinha nem fut de sabão mais, muito menos caneca ! =/ "
"0","@sidneymd Eu espero que vocês me deixem em paz,querido,esse é um país livre e eu tenho direito de expressar minha opinião."
"0","Meu orkut não quer entrar =/ "
"0","Lindsay Lohan presa de novo.. Não adianta ter talento,beleza,sem disciplina esta perdida...E tem jeito de que vai acabar pior ainda..."
"0","Gente, UERJ já é domingo ?! "
"0"," E o estudo onde fica ? "
"0"," : Mais uma vez: eu desejo a todos que vão participar da final do no limite amanha boa sorte!! A prova final será de re ... "
"0"," cara, eu vou te matar ! sua irmã nasceu e vc não me avisou :S "
"0","Chocado com escolha de Lula para Oscar. Lembra os tempos de Mussolini,ou mais ainda Stalin. Onde é que esta gente esta com a cabeça?"
"0","Tenho que preparar uma mini-aula de fisica, fazer um trabalho de sociologia e estudar pra prova de socio que é amanha e preciso de 8 ! "
"0","Que vício ! Não consigo fazer meu trabalho muito menos sair do pc e dormir. :S "
"0"," melhor os testes do que o  dizendo onde ele está ! "
"0"," hahaha chooooora ! "
"0","@jessica_q Querida,eu não estou afim desse filme!"
"0"," : Não se iluda com a lição dos mineiros. Ninguém nunca vai aparecer pra tirar você do buraco. "
"0","Meu pai é muito doido. Ele acaba de fazer uma vitamina de mamão, melancia, couve e nestón. Ficou com uma cor super estranha =s "
"0","E alguém se tocou que morreu também o Arthur Penn? Na época do Bonnie & Clyde não havia ninguém mais genial do que ele."
"0"," teu pai ja sabe que vc ta bebendo ? "
"0"," aeeeeeeee, ele sabe fazer conta .. com dificuldade, mas sabe ! rs "
"0"," : Pessoas medíocres estão por todos os lugares. Cabe a nós colocar elas de volta a seu lugar de origem, embaixo de nossos ... "
"0"," Claro que não, rs. E ngm sabe de quem me refiro ! "
"0","Fiquei decepcionado com Comer,Rezar,Amar. Interminável,banal,nem como turismo funciona. Filme de menina. Daquelas bem bobinhas."
"0","@pkiomy essa dor nas costas eh de tanto dormir! Vc não tah mais acostumada a ficar tanto tempo na cama miga!"
"0","Geyse Arruda, Vanusa e Rita Cadilac numa mesma balada ? Eu preferia ficar em casa vendo televisão ! "
"0","Prova de hist. e sociol. Busca  ni aeroporto. Norte pobre c. a tchurma, ver o dad tocar. "
"0","Meu cabelo ta muito grande.. to com uma preguiça mórbida de fazer chapinha ! =/ "
"0","Não aguento mais ler, to c. dor de cabeça já. =S "
"0"," É bom quando se trata de uma ou outra empresa .. quando até os meios de transportes passam a ser privatizados muda-se a vis "
"0","Tanta coisa pra estudar que não sei por onde começar. Nem fui a aula hoje. Aula nessa chuva é pros fracos. "
"0","Gente que trio chatooooo!  "
"0","@azideia Qual o problema do meu cavanhaque,rapaz?"
"0","To abismada com o preço da inscrição do vestibular da Uff. 115 reais é um absurdo ! "
"0","Acabo de completar qm vc mandaria pra PQP? e meu resultado foi: Felipe Neto! Experimente: http://tinyurl.com/245hzov "
"0","@genninhu pensarei!"
"0","Cadê o direito de ir e vir ? Crepúsculo é o car$%¨ http://migre.me/23CAB "
"0"," sem contar que dá forma que ele chegou (preso), ele permaneceu. rs No final parecia um ninho de rato.  "
"0","Tenho que estudar, mas não consigo ! "
"0"," Vai votar no Plínio ? "
"0"," vc só gosta aos sábados, não to entendendo do tweet ! Quer enganar quem ? "
"0"," É que to tentando apresentadora faz tempo =s "
"0"," vamos fazer o que ? social babou né ? =/ "
"0"," : Algumas pessoas nasceram para sentir o amor, mas não para viver um."
"0"," Que provinhas mais chataas hein .. O bendito não sai mais de Bq, rs. "
"0","@andersonmelo34 Não gosto de video clipes,querido"
"0","Matemática: 36/45 . Errei bobeira, dava pra gabaritar ! "
"0"," Todo ano é assim, rs. E o pior é que no inicio do ano que vem vc não vai estudar de novo ! "
"0","comecei a estudar história ! =/ "
"0","Entrei na net pra ver meus novos depos quando vejo dois novos profiles querendo me add. Os dois inuteis profiles foram feitos p. falar mal.."
"0","Acabo de ler que Lindsay saiu pagando fiança...Não muda nada...só mais um passo num filme que já se conhece o final."
"0"," demaaaaaaaaais ! ódio mortal do enem ! "
"0","..da vida alheia dos alunos do CP2 ! De novo essa história, gente ? Ngm merece ! Esse povo não tem mais o que fazer? N tem um namorado (a)?"
"0","Não consigo reagir .. tenho que fazer 2810271 coisas e até agr nada ! =s "
"0","aaah cara eu desisti. perdi meu cel ontem =s em um mês é a segunda vez que eu perco cel, além de perder o rg. pqp³³ "
"0","Ai por que meus pais deixaram eu fazer matemática? Faculdadezinha pra me dar dor de cabeça.. To de rec em quase todas as matérias. =( "
"0"," Estudei hoje, rs. Molezinha ! =) "
"0","Ainda bem que eu quero matemática ! Se eu quisesse medicina ou direito teria me jogado do 13° andar ! "
"0","vontade de jogar minhas roupas fora e comprar novas viu...."
"0","Que pessoa mais cara de pau. Não vale um centavo! Achando que é malandro.. pra cima de mim ? haha "
"0"," Precisa mesmo, rs. "
"0","fiquei decepcionado com doc ind oscar restrepo... procure reality show com medo de tocar dedo na ferida.. o pior inimigo deles eh o tedio."
"0","A Dilma tinha que saber se colocar no seu lugar. Ela fala como se tivesse na presidência, como se tivesse feito muito como ministra, .. "
"0","Esse mes eu to tão pobre que to me sentindo primo primeiro de um cachorro. "
"0"," eu cada dia me seguro mais pra dar um unfollow nele ! mas faço sempre a boa ação do dia e deixo ele mais um dia ! "
"0"," :  - Ministerio da saude ADVERTE - tome a vacina contra o DEPOTISMO. "
"0","@muitoprafrente Querida,isso é porque você ainda não viu O Novato onde ele é estuprado pela Sonia Braga!"""
"0"," poxa cara, não fazer isso com o irmão de uma delas. mals =/ "
"0","O  acha que o orkut, twitter, facebook e outras redes sociais são o diário dele ! --' "
"0"," Pois é. =s Aqui deu uma aliviada. Não quero ficar em casa =/ "
"0"," : Nosso próximo presidente vai ser o Serra ou a Dilma. Na boa, esses franceses tão reclamando de quê? "
"0","Será que meia horinha de soninho da tarde faz mal, com uma prova de matemática a minha espera amanhã? "
"0","Agora tenho certeza que o Blu Ray não pegou . Faz meses que escrevo errado,coloco Blue e ninguém me corrigiu!"
"0","bom dia,Senhor e esse metro bombando?? aconteceu alguma coisa???"
"0"," aaah não .. os testes tem um poquuinho de graça, já o estevam .. "
"0","Minha internet tá uma merda desde ontem. E sem meu celularzinho fica difícil de twittar =s "
"0","para viledesma@ querido,os bancos sao todos iguais.. veja o documentario Inside Job e confirme eh tudo um grande horror e nao temos saida"
"0"," : Antigamente as meninas perguntavam será que ele tem namorada?, em outra época será q ele tem carro? e hoje em dia se ... "
"0","@claudiaohana Querida,heterofobico eu? Isso é muito século passado. Eu sou uma pessoa adequada a pansexualidade!"
"0","mas eh uma safra fraca... o novo sandler eh uma baixaria daquelas.. piadas de banheiro,privada para baixo...tem ate boca a boca com ovelha"
"0","Tenho que agir um pouquinho mais com o coração e fazer com que a razão pare de dominar ! "
"0"," : Hoje eles se conhecem. Amanhã se amam. Semana que vem não vivem um sem outro. Mês que vem nem se lembram mais. "
"0","Cansaço me venceu..hoje não vejo . =/ "
"0","Teste de geografia amanhã e você estudou ? Nem eu !  ferrada "
"0"," tb perdi =s "
"0","Meu almoço? Miojo de talharim com carne e tomate!  se amarra !rs "
"0","mooorta de sono.. to abandonando isso aqui né ? =/ "
"0","Acabo de completar Em qual parte do corpo fica o seu juízo ? e meu resultado foi: No Pé! Experimente: http://tinyurl.com/2ubutxv "
"0"," xodadis de bater uma bola com as campeãs! "
"0","Gente,não é verdade que usaram fotoshop no meu cavanhaque em imagem de meu blog. Calúnia. Se eu pegar quem espalhou o boato..."
"0","Saiba quais pessoas no Twitter que não te seguem. http://tinyurl.com/unffnd "
"0"," vale nada ! 'vc n vale nada mas eu gosto de vc' "
"0","Previsoes de hoje dizem que a Haileen Steinfeld ou coisa que valha de True Grit vai ganhar...Sera que so eu nao gostei da chatinha?"
"0"," também, rs. soltei aquele risinho sarcástico e ainda pensei: 'eu tenho que acertar essa!' "
"0","Absurdo o humor preconceitoso de Gente Grande: o tempo todo debochando das mulheres mais velhas. Uma estupidez imperdoável"
"0","@Lili_1511 huahuahauahaua!!! achoq vc nao ia querer minhas pecas bregas floorr!"
"0"," aaain eu quero muito ver ! ainda não tive oportunidade . =/ "
"0","@Fla0907 nao... toh morrendo de sono xD"
"0"," Se vc não sabe o metro e o trem já são privatizados e não houve nenhuma melhora significante. "
"0","Como isso aqui tá abandonado . Semana de provas é assim :s "
"0","Vão fazer um minuto de silêncio pelo compositor Maurice Jarre?"
"0"," preguiça de fazer esse teste, rs "
"0"," Eu desisti a partir do momento que me jogaram pra banda ! Ou eu pego as cifras das músicas ou eu estudo. Os dois nem pensar ! "
"0"," to curiosíssima ! quem foi ontem ? "
"0","E o sonho fica mais distante ..  "
"0","Vamos mandar esse teste da sinceridade pro  o mais caozeiro da fase da terra ! Não vai nem conseguir completar o teste ! "
"0","Tive uma leve decepção hoje, é a vida né?! :s "
"0"," : Existem pessoas que preferem serem elogiadas falsamente do que criticadas sinceramente.  "
"0"," chata, como sempre. eu odeio humanas portanto hoje pra mim é o fim. amanhã faço rindo ! =) "
"0","acabo de voltar da sessao com os curtas do oscar animacao e acao (dramatica). E estes sao muito fracos,uma decepcao.. so escapa o belga!"
"0","Adoooooro a Liga, mas hoje tá muito pesado pra mim. Não consegui terminar de ver :s "
"0","Cara, acabei de chegar da bendita prova da fuvest ! Tenho 7291729 reclamações a fazer . "
"0","Hoje eu só precisava de um abraço seu.."
"0","Nunca pensei que fosse tão difícil achar uma roupa branca pra comprar, sem ser na época de reveillon ! =s  "
"0","Descobri que morreu diretor Roy Ward Baker,de Somente Deus por Testemunha. Leia mais no meu blog no r.7.com !"
"0","ÁS vésperas da UERJ, o desespero vai batendo ! estudando em 4 dias o que não estudei na minha vida toda !"
"0","Por que tem culto que berram? Acham que Deus é surdo? --' Isso é hora vizinhança? "
"0","@muitoprafrente @muitoprafrente Querida,isso é porque você ainda não viu The Rookie onde ele é estuprado pela Sonia Braga!"""
"0","Levanta a mão quem tem que estar as 8 no colégio para organizar a festa junina ! Õ/ "
"0","Ta sem graça o jogo ! "
"0","Acabo de chegar do colégio e ver que meu pai não tá em casa e não estará até quinta !  "
"0","Ô carência ! :  Fala comigo! "
"0"," : A verdade é que apesar de o sol nascer para todos, ele sempre será mais bonito para quem mora na cobertura.  "
"0","Chateada porque o Diego saiu. Não torço pra mais ninguém.  "
"0"," eu vou com o vestido que usei no ano novo ! o problema é que eu cresci ou o vestido encolheu, ele ta meio curto !"
"0","gente, e esse vício em compras coletivas .. o que fazer ? "
"0"," : Po que pena,o Inep descobriu que meu lápis tem calculadora,meu apontador é uma escuta eletrônica, e minha borracha ... "
"0"," Vou procurar .. ver se tem um video da conversa deles pra te mostrar ! Que homo cara, que desperdício :/ "
"0"," hahahaha. naaada ! pensarei por futuro mesmo e nesse caso não há futuro, rs. "
"0","Ó duvida cruel .. vou ou não ao encontro hoje ?! Tanta coisa pra estudar e meu pai aidna me convidando pra ir no clássico ! "
"0","RT @FilmeIncendios este perfil @rubens_ewald é fake,o verdadeiro é @rubensewald. o brigada por divulgar a dica ;D"
"0","Estou lendo bio de Patti LuPone,que admite genio ruim,muitos porres. Acaba com Lloyd Webber,por causa de Sunset Boulevard. Mau caráter!"
"0","Pense em mim, chore por mim, ligue pra mim não não liga pra ele .. "
"0","Meu aniversário passou, ok; mas algm me da o Neymar de presente ? "
"0","Eu tenho quase certeza que o Arthur vai ser Bv ! Coitado dos encontristas =s "
"0","Cuidado: dois classicos em dvd em cópias ridiculas,ofensivas. Evite Corsario sem Patria de DeMille e o cult Invasores de Marte. Lamentável"
"0"," E não me ligou e nem foi me ver por quê ? "
"0","@nananyan imochi a coisa tah feiaaa aquiii xDDDD nao tenho espaco pra andar... a idiota resolveu tirar tudo..."
"0","arrumando o quarto =s"
"0","hoje vou ver o bieber que hoje esta em todas manchetes aqui porque cortou a franja.. veja que tragedia eheheh"
"0"," eu não vi , desculpa viu ? Serra não, Marina ! "
"0"," Eu já desisti há muito tempo ! ahueahiehiauhea "
"0"," eu gravei a semana inteira to cansada de ver a cara do chris ! "
"0"," :  É, prima, a futura governante deste país... :Éprarirouprachorar ? "
"0"," : Você sabia que trabalha 5 meses p/ ano só p pagar impostos? Se revoltou? Então ASSINE JÁ! http://www.dietadoimpostao.com.br ... "
"0","Hoje passei c. a comissão nos 3°'s anos pra falar sobre a festa temática e como sempre teve aquela confusão. Nunca tao satisfeito c. nd "
"0","Pina Bausch nunca chegou a ver sua obra em 3D. Ela morreu inesperadamente quando Wim Wenders estava preparando o documentário sobre ela."
"1","alergia maldita ! não consigo nem respirar direito.. "
"1","chorei, rs. "
"1","'Não vale mais chorar por ele, ele ja mais te amou ..' "
"1","atxiiiiiiiiiiiiiiiiiiiim "
"1"," meu filho, tem cerveja e novinha sem nível vc ta dentro e se amarrra ! sem esse papinho de que n sabe se vai ser boa ! "
"1"," estagio ngm quer né ? "
"1","Se você não sente impacto em 3D,@Marmengo,deveria procurar um médico."
"1","E cade a coragem para lavar roupa?"
"1","Briguei com meu pai .. ele não me compreende, poxa. "
"1"," é eu vi . esse horário de verão confude qualquer um ! "
"1"," :  says (9:39 PM): porrah vamo pro cinema mano naum é pra cabaré naum po "
"1","BOMBA EM JAVA ! 4,5 :S Chora que apoio vem ai !! "
"1"," Noite e dia se completam e o nosso amor e ódio eterno "
"1"," Estevam, quantas vezes eu vou ter que te falar que ngm quer saber onde você está ! Por que insiste ?  "
"1","  tb nao gosto do psol ! "
"1","Acabo de sentar bonito na provinha de Java e Vb ! Será que nunca vou me dar bem em LP ? "
"1","Queridos,essa semana foi um estresse. O que eu não daria por um mês na ilha de Fuga de Los Angeles,com Clint Eastwood."
"1"," vai passar direto ? ahaha ã "
"1","Carai.. to vendo novas fotos do churrasco de formatura e to abismada do quanto eu estava sóbria (pra não dizer o contrário). "
"1","Definitivamente não irei ao inglês hoje . vou fazer o trab de eng software, dormir e dps estudar pra historia e sociol. "
"1","Não discordo que o Wagner Moura tem cara de macho,@Zakellyne,mas acho que a Aline merecia algo melhor,como um Rock Hudson..."
"1","@douglaco E você usa anabolizantes. Hmpf."
"1","E aee terra poluida..to de volta!"
"1"," infelizmente. =s"
"1"," eeeita maninho.. que fasee ! "
"1","tchau maradona de meeeerda . "
"1","Eu vou me jogar do 13° andar ! Eu vou ser mesária ¬¬' Não adiantou rasgar aquela merda daquela carta. Acabaram de me ligar :S "
"1"," Isso pq ha pouco tempo atrás ele disse que estava infeliz fora do Brasil! Por que não se aposenta logo? É vida boa que ele quer! "
"1","Deus queira que eu seja apresentadoooora ! Algm sabe mais alguma menina que tenha botado apresentadora ? "
"1","Vai arrumar algo mais útil pra fazer INEP ! http://migre.me/23CiN "
"1"," : Tanta gente equivocada faz mal uso da palavra falam, falam o tempo todo mais não tem nada a dizer. "
"1"," Cheios da mesma forma que são hoje . No máximo eles botaram um ar condicionado no trem p. fingir que houve melhora .. "
"1","a candidata dilma não sabe falar ! --' "
"1","Tenho que dar uma bela limpeza no meu email. Tá uma zona! To perdidinha. "
"1","ja to com saudades. http://t.co/sLeXtLFP  http://t.co/zLasJXWy"
"1"," Nem sei, verei na quinta. Tentei enrolar de ir la pra ver se eles me esqueciam, mas de nada adiantou. :S "
"1","Chorei.. 'mesmo quando tudo pede um pouco mais de calma...' "
"1","Meu DEUS, não tenho forças pra fazer nada. To no pc o dia inteiro. Até queria sair mas a ressaca não me permite. "
"1"," engraçado porque não é ctg né? vc botou o que ? tomara que ele caia na sua equipe que zoa todo mundo ! haha "
"1","Que idiota eu sou .. cai da cadeira ! Tenho essa cadeira há 261782 anos e ainda n aprendi que ela escorrega !  "
"1"," onde vc faz faculdade mesmo ? e de que ? "
"1"," : Enem: função- mostrar o quanto o pais e desorganizado, fazer os candidatos sofrerem, favorecer poucos, facilitar a ent ... "
"1","Cheguei em casa agorinha e ja vim pro vício, sabendo que tenho química pra estudar, filosofia pra ler e uma festinha a noite. "
"1","Não precisa de vacina pra parar de fumar e sim vergonha na cara e força de vontade ! "
"1"," O que houve no seu braço? "
"1","@alpiostanchi Querido,a memória anda fraca,mas vendo mais de 1000 filmes por ano eu acabo assim mesmo!"
"1","Coragem, cadê você para me ajudar a arrumar meu quarto ?"
"1","Porra, nego escreve muita besteira no twitter ! --' Vo dormir, beijos ;* "
"1","@Jyudaime boba,ninguem te esquece nao!"
"1","@andrea_treadle Desculpe querida,mas de moda eu não entendo."
"1"," Porque a Globo adora manipular os telespectdadores, principalmente tratando-se de eleição. "
"1","Saiu em DVD o novo Peter Greenaway,Ronda da Noite. Mas desde que largou de ser gay parece perdido,sem inspiração..."
"1"," mal exemplo ! "
"1"," vestibular né ? "
"1","Não saio nem que me paguem. Tão botando fogo em ônibus, carro.. se verem um avião eles não vão pensar duas vezes ! "
"1"," tb acho demais expulsarem. "
"1","vi na pre da MostraSP- Rosas a crédito frances do israelense Amos Gitai. Começo de morrer de chato Melhora depois Mas podia ter mais impacto"
"1","Cheguei só agr em casa. Tava na casa do  e do  com o  e com o  ! Só valeeete e eu zoando. "
"1"," o meu ta dando serra ! "
"1","@danmissono @Fla0907 @laariokada eu achava melhor divulgar qdo tiver no ar"
"1","É o tchan nunca mais será o mesmo. Eles podem botar 100 dançarinas que de nada vai adiantar !  "
"1","  geralmente, eles priorizam empresas e sistemas de transportes pra passar os problemas pra outro. "
"1","Eu não sei onde botei o dinheiro do feriado =s Se eu n achar, nada de sair hoje =/"
"1"," :  , isso que dá comer bosta... Só pode... Se são assim aos treze, imagina quando entrarem na facul... per ... "
"1","eu preciso urgentemente cortar o cabelo . toda semana falo que vou cortar e cadê a coragem ? os cabelereiros são malvados e cortam mt. =/ "
"1","CQC tá muito bobo hoje. Melhor ir dormir pra fazer uma boa prova de sociologia amanhã ! Beijos pra quem fica. "
"1","Coração apertado, cena horrível .. Melhoras Leandro ! Preciso ir no jogo pra me distrair ! "
"1"," se fudeeeeeu "
"1","Bom dia pra você que queria ficar mais 5 minutos ou quem sabe 2 horas na cama, mas não pode porque tem um compromisso inadiável.  "
"1"," Ta melhor que o primeiro ? Ainda não consgeui ver ! "
"1","@mosqueteiro2010 Não"
"1","leio que a turma de Toystory volta em curta junto com carros 2 numa viagem ao Havai. Nao era melhor ter terminado por cima?"
"1","  2 votos ! Acho péssimo ! "
"1"," de acordo. acabei de reclamar do mesmo ! ela não sabe se defender, só sabe falar do governo lula !  "
"1","Queridos... adoentado... uma coisa Dama das Camélias,com Lucélia Santos... Rezem por mim,esse pobre filho enfermiço da vida..."
"1","Fui na degustação do buffet da festa de gala, dilíça ! Comi tanto mas tanto que agr to me sentindo uma bolinha ! "
"1","  Que papo homossexual ! "
"1","Maradona pediu pro avião do brasil esperar ! "
"1","Brincou né ? Acabo de completar Qual tr... e meu resultado foi: woo, wooo, woo, aposto um beijo que você me quer!! "
"1"," pode deixar ! meu time não está merecendo. "
"1","João de Barro eu choooro!  "
"1"," sério ? ficou em que ? "
"1","meu twitter tá de palhaçada =/ vou dormir. beijos "
"1","@pkiomy cade tu?"
"1"," :  que 2009 eles fizeram cagada ... esse ano FOI UMA DIARREEEEEEIIIIIIIIAAAAAAAA! "
"1","Menu de hoje no hotel: capim.  "
"1","Uma pena Cyrus:que parece ter vergonha de ser comedia. fazer rir. A camera na mão irrita a gente com zooms e soquinhos. Viva Marisa Tomei"
"1","gostei de uma aventura sword and sorcery,The Eagle...Ate Chaning Tatum esta melhor.. mas foi grande fracasso..."
"1","Já acho formspring o fim, brigar por ele então, é o fim do fim ! ts ts .."
"1"," os irritados que me parem de me seguir ! hahaha "
"1","Tô pra matar um, pra ser sincera uma de preferencia ! : "
"1","eeeita  'as vitoriosas VAI .. ' "
"1","Conversar com jurado em crise de idade nao tem preco hahahahha xD"
"1"," : Não me venha com essa de que você não lembra o que fez na noite passada. Se você fez, é porque teve vontade. Aceite as c ... "
"1"," nem fala ! não vai dar nem pra comer direito.. "
"1","Fui hoje no hospital visitar o  e dei de cara na porta, rs. Ele tava fazendo um exame e ia fazer o curativo. "
"1","@JGxbr Se for de circo já encontrei o palhaço!"
"1"," tinha que ter depilado mais o  . Homem peludo é o fim. "
"1","To chocada com o vídeo que vi agr, de meninas do Pedro II.  Eu não queria ser os pais dessas meninas ! "
"1"," Tudo o que eu gostei está esgotado ! =/ "
"1","Odeio pirralho que se mete onde não foi chamado ! Ah, vai brincar com se presentinho de dia das crinaças, vai ! "
"1","Morta com farofa .. hoje tive o dia cheio e dps ainda fui pra festa surpresa atrasada da Thay Reis . "
"1","Não entendi o comentário referente a mim no blog cp2 ! Juro. Se algm entender me explique. Passaram de todos os limites dessa vez. "
"1","Meu pai me viciou em Lenine. Todo dia toca umas 3 vezes o mesmo CD.  "
"1"," tomei raiva dela apartir do momento que ela se fez de coitadinha, falando que estavam inventando coisas cobre ela .. --' "
"1","Ei,@ojosewilker,quem é minha BITCH agora,querido? bjs"
"1","Nao tive coragem de ir ao cinema hoje ver o Hall Pass que teve criticas medonhas. Estou no hotel preparando o Oscar."
"1","Amor à Distancia,flop nos EUA,é grosso,apelativo,por vezes engraçado.Mais para porno chanchada do que comédia romantica!"
"1","@laariokada ahhhh nehhh ._."
"1","Morta com farooofa ! O dia do troca-troca foi demais, mas me cansou ! Tomar banho, comer e capotar. "
"1"," tu reclama de tudo hein ! haha "
"1","Admitir um erro é uma virtude, pena que de vez em quando pode ser tarde demais pra reverter o erro ! "
"1"," tava brincando com as minhas maquiagens, esbarrei nela e ela caiu. =/ "
"1"," Nem vi ! =/ "
"1","Quero sair com a @pkiomy e a @blancwing T.T"
"1","Dúvida cruel!Saio hj c. o cabelo natural ou chapinha nele?! Fiz uma parada nele que tá com os cachos perfeitinhos e n ta leao da montanha. "
"1"," Mas dói o bolso quando faço as contas. Fico pensando se seria muito bom ir ou se seria apenas um capricho. Compreende ?"
"1","@mr_mistoffeles Querido,porque não se juntou a nós? Eu lhe pagava um croissant estilo Jean Paul Belmondo!"
"1","Essa pesquisa me dá raiva pois lembro que serei mesária durante no mínimo três eleições.  "
"1"," mas continua deficiente o sistema ferroviario e rodoviario. "
"1"," não sabe como vai ficar sem as ligações noturnas, vc quis dizer, né ? "
"1","Preciso de um deputado federal ! "
"1"," Sem julgamentos ! Sei que foi horrível o que elas fizeram, mas não julga não. "
"1"," in Rio 2011 ! Eu voto na Vanusa pra cantar .  "
"1"," ta melhor ? "
"1","Dúvida cruel, vendo, troco ou vou no Rock in Rio ?!"
"1","Xô inveja ! "
"1","O ídolo hoje faz falta, mas é uma grande lembrança ! 50 anos do mestre !  "
"1","não sei o que vai ser pior no 2° turno: votação ou possível trabalho ! "
"1"," eu sou pobre, não tenho crédito pra msg, só pra ligação. "
"1","HOJE É SEXTA ! E daí, se vc eu nao vou fazer nada porque tenho aula amanhã ?!  "
"1","Perdida nas minhas 2618621 abas do google chrome.  ,  ,  .. tanta coisa meu Deus ! "
"1","A invejosa de Ipanema e dormir. Beijos e boa noite "
"1"," to com preguiça de procurar no google um site pra baixar gossip girl .. procura pra mim ? por favoooor ! "
"1","A Bruna mudou de orkut, rs. Agr é  . Até a Rebeca tem:  . Só falta a Jéssica ! "
"1","Cadu em 3° ? Vai rooubar assim no inferno ! : "
"1"," mimimi , me lembra sabado se vc for? "
"1","Eu preciso muito ir ao colégio pra saber em quais matérias fiquei de prova final ! NÃO FAÇO IDÉIA ! "
"1"," Cara, faz um novo grupo mas só quem se pronuncia e/ou aparece pra jogar."
"1"," sou insensível não, só não sou sensacionalista como a globo ! "
"1"," a cirrose ta ai pra quem n sabe beber e do nada quer tomar um porre ! "
"1","Gente, eu perdi meu cel, deixei dentro do taxi ! =/ "
"1","tô apanhando do tweetdeck !  "
"1","Muricy é o ca*%$ ! "
"1"," :  Que sol? alguém está mentindo pra você... "
"1","Semana de provas começam amanhã, meio louco. To muito fu e acho que o resto do terceirão tb. Trimestre de 1 mês e meio =s "
"1"," : Em resumo:  passou o feriado inteiro ãodopalhaço "
"1","Por que as pessoas fazem formspring, se as perguntas mais interessantes elas não respondem ? "
"1"," vc se desloca até o baixo méier ? haha "
"1"," : : para descontrair:  chamou polícia, bombeiros, e marinha. Se aparecer um índio teremos o  ... "
"1"," A minha caneca sumiu no meu churrasco. Eu botei ela embaixo do fut de sabão e aconteceu um belo de um acidente .. "
"1"," to te seguindo cara de cu ! "
"1"," Não é Dr, to só brincando com ele ! "
"1","@VinnieJoker Isso querido,James Cameron digiriu foi Mad Max. Falha minha."
"1","Eu não sei o que farei quando acabar toda a leva de guiaraná Jesus que meu pai trouxe !"
"1"," Prova de que ? Facul? "
"1"," chooooooooooooora ! "
"1","Vi agora em Blue Ray Ondine com Colin Farrell do Neil Jordan. Meio filme de gangster,meio fabula,meia boca. Colin magro demais virou ator!"
"1","Eu sou o crítico de cinema mais renomado do Brasil e não tenho que dar atenção para críticas de neófitos da tela grande!"
"1","@vinilui Nojo? Para começar,usar óculos escuros no avatar é falta de educação. Não discuto com ninguém que não mostre os olhos."
"1"," a promoção é boa, não a cabeça ! haha "
"1","Sem contar as bombas que recebi hoje.  "
"2","E quando você ta com sono, sabe que tem que dormir, mas não consegue/quer se despedir de alguém no chat.. "
"2"," cefet maria da graça --' "
"2","Acabo de completar Qual diva você seria? e meu resultado foi: Angelina Jolie! Experimente: http://bit.ly/bMfk4g "
"2","Foooood's Meu Nome não é Johny ! "
"2"," huuum .. tropa de elite ?! "
"2","é tao bom ver bom teatro e tao ruim ver teatro ruim...eheh cinema nao é assim tão radical ...."
"2"," o que voce queeeeeeeer ? "
"2","Quem vai hoje no show da Lagoa ? "
"2"," expRicado ! "
"2","Vale muito a pena ver: http://www.youtube.com/watch?v=QR7YAcMnZ_8 "
"2"," Nem me fala de Bq ! --' "
"2","E aqueeela original. Pra terminar YOGGI ! "
"2"," Victor & Léo - Nada Normal "
"2","  1 semana pro que ? "
"2","10 MIOS SOBRE O HORARIO DE VERAO http://g1.globo.com/brasil/noticia/2010/10/10-mitos-sobre-o-horario-de-verao.html "
"2","  "
"2"," sempre precisou ! "
"2"," vídeos ? não é melhor foto não ? "
"2","  Não ! Agr brancos e nulos valem o mesmo e não ajudm a nenhum candidato ! E mesmo assim só o branco que ajudav "
"2","@marcelodacruz Minha opinião é basicamente a mesma!"
"2"," vai ? "
"2"," foi vc que me mandou uma msg perguntando se eu tinha chegado bem ? "
"2"," :  sei dia tem 24hs de dia e 24hs de noite? "
"2","Não vou dizer que foi ruim, também não foi tão bom assim. Não imagine que te quero mal, apenas não te quero mais http://twitpic.com/31q9dy "
"2"," Somos duas ! "
"2"," :  Eu quero ganhar a Paleta de 120 cores versão B Manly da    http://kingo.to/EaU  "
"2"," ok, verei . "
"2","www.radioroxy.com "
"2","Tava doida pra ver o . "
"2","@rwggomes Oi quem é?"
"2"," Foi a Bia e o Carlos twittando . "
"2"," Ah, não acho que ia pegar mal. "
"2","Lucas, o nome do jogo ! "
"2"," : passa tempo, tempo passa! voteeeem https://t.co/yUllLYAn mariana torres"
"2"," oook . "
"2"," aaai que vontade ! "
"2"," Sigo a  e quero ganhar o Kit Travel Size: http://t.co/6Mdbqcn "
"2","amados, i'll go sleep ! "
"2"," Jean Willys é o do BBB ? Me conveça ! Pq devo votar neles ? "
"2"," sei la. não sei como ainda não estão . "
"2","Queridos! Quem quiser contato é só me procurar no meu blog oficial! http://t.co/WRjoiMB0"
"2","Johnny Depp nos TT's !  "
"2"," :  felipe, poderia me ajudar a realizar um sonho "
"2"," Eu preciso da sua conta. Quero que vc compre um perfume pro meu pai e ai te deposito. Beijos "
"2","'só tem amor quem sabe dar ..' "
"2","http://www.youtube.com/watch?v=eMIqQ6qJAaM&feature=player_embedded "
"2"," quem mais está ? "
"2","'because i love the way you lie' "
"2"," vai fazer aonde ? "
"2"," twitter é o que há pequena. "
"2","só comeee! ( live on http://twitcam.com/2hjcx) "
"2","@raphaelhsa Na locadora querido!"
"2","Ah,Bale como sempre está tenso e revoltado,naquele tom que já conhecemos. Nova crítica queridos! http://t.co/WRjjLcA6"
"2"," Só vou amanhã se o tempo tiver bom, ok ? "
"2","@Hyuuzu @HelderYagami chegou sim,agora de vamos levar eh outros quinhentos xD"
"2","Discutindo dj's. Algm se habilita ? "
"2","Querido ainda não assisti,espero para ver na telona. @caliujs Qual sua opinião sobre Serbian Film? essa eu quero ver."
"2"," ai meu senhooor ! vou ver .. "
"2"," Eu vou assim que terminar de respiriar músicas do encontro de jovens, rs . "
"2","Figurinha repetida não completa álbum, mas pode te ajudar a completar... (66)"
"2","Acabo de completar Qual música te define?  e meu resultado foi: Madonna - Celebration! Experimente: http://bit.ly/cR9Mws "
"2"," to vendo se meus primos passam aqui. "
"2","soninho da tarde. Meu corpo clama ! "
"2"," tem como botar o nome de um amigo meu na lista ? "
"2","Saiba quais pessoas no Twitter que não te seguem. http://tinyurl.com/unffnd "
"2","Acabo de completar Qual CQC você é? e meu resultado foi: Rafael Cortez! Experimente: http://bit.ly/9XAnfr "
"2"," pois é. rs. vc segue ? "
"2"," Fla x Corinthians? "
"2","Frase do dia: Não sei até hoje a diferença entre chocolate e chocoleite - poeta Allan Pedro."
"2"," minha amiga vai..ela é louca pela taylor."
"2"," Aonde ? "
"2","Eu sigo a  e estou concorrendo a convites para o show do NE-YO no Rio! http://migre.me/10Lum "
"2","@filme_e_Xbox Diga-me um filme e faço uma crítica em 170 caracteres. Duvida?"
"2","aaaaah gentem .. Já estão à venda os ingressos para a festa LIGHT EXPLOSION ! Mais informações é só me perguntar !  "
"2","@revistaplato Não entendo querido você escanearam a revista? Parece uma revista impressa escaneada para virar digital!"
"2","Ouçam a rádio: www.radioroxy.com ! Do meu amigo .. Vale a pena ouvir! "
"2"," na Transamérica !  "
"2","Sou um dos seguidores do  que estão concorrendo a 5 prêmios que serão sorteados dia 02/05 http://kingo.to/A9w "
"2","@juumarrone Harry Potter seria perfeito se fosse um musical. Sem mais no momento."
"2","Acabo de completar Qual o seu nível de sinceridade? e meu resultado foi: 100%! Experimente: http://bit.ly/a7cCAJ "
"2","Queria ir na social do  ! Quem vai ? "
"2","  não sei meninas. o henrique ficou de marcar ! "
"2"," Ok ! "
"2","Ti Ti Ti "
"2","fuuuuui mimi "
"2"," Nem sei. Bio tava facil, caiu só genética. "
"2","atencao @pkiomy whatsapp lhe espera xD"
"2"," matematica ou eng. de produção "
"2"," quais primas ? bianca e.. ? "
"2"," www.diariodeumqueimado.blogspot.com "
"2"," quando vc vai me ligar ? "
"2"," : O tempo é que mostra o que realmente valeu a pena, o tempo nos ensina a esperar, o tempo apaga o efêmero e acaba com ... "
"2"," sim senhor ! "
"2","volta as aulas hoje em clima de chuva. recebi 2 provas ou melhor 2 catástrofes (ingles e matematica). "
"2","Paris Hilton foi pega dando um tapa na pantera ! "
"2"," a natacha tem twitter ? "
"2"," opiiiiiiiii "
"2","Vou ver  "
"2"," : Enem 2010: estudante poderá requerer revisão da prova ao contrário http://ow.ly/35zEO "
"2"," huuuuuum .. "
"2"," : http://diariodeumqueimado.blogspot.com/ "
"2","vou dormir ! beeijos ;* "
"2","@tathychan total nehh xD"
"2"," haaaaaaaaaaaaaaaaam .. "
"2"," Pq devo votar nele ? Me convença ! "
"2"," O que é Hs-100 ? "
"2","Até que hoje a hora passou rapidinho. "
"2"," Ainda tá em NY ? "
"2","href= http://t.co/dGnibn71 via  "
"2"," 22: 45 "
"2","doooooooooooooooormiu ! "
"2"," Quando vc volta ? "
"2","@viledesma O que eles esperavam ? Tava na cara né...mas ate que foi atrevimento dar o Oscar para o homem..."
"2"," 13 horas lá ? Como vc vai ? "
"2"," Ah sim. Pensei que fosse para os jurados. rsrs "
"2"," Só participam os colégios de Sampa ? "
"2","@Hrodric_FJ A História de O!"
"2"," saudades bolinha ! *-* foi a aula hoje ? "
"2","doooooooooooormi . mil beeijos ;* "
"2"," : Se você é feia, tem que ser rica. Se você é bonita, não tem que ser nada.  "
"2"," tropa 2 "
"2"," Vc nem me contou como tá na faculdade ! "
"2","to corrigindo minha prova.. erro uma, acerto uma !  "
"2"," : http://diariodeumqueimado.blogspot.com/ Atualizado "
"2","Afinal, tá sol ou não tá ai no Rio ? "
"2"," não sei. o henrique ficou de marcar. "
"2"," Nina ? É uma menina ? "
"2"," to fazendo aula aqui. quando eu voltar vou acabar om vcs dois no tenis. beijos "
"2"," Pegou qual ? "
"2","P: Se vocÃª pudesse fazer uma .. R: DifÃ­cil.. mas acho que com.. http://t.co/6aTKbIE8  "
"2"," Os pequenos ficam ?"
"2","Down - Jay Sean and Lil Wayne "
"2"," se você conseguir essa proeza .. "
"2","@pkiomy nao esqueca amiiiiigaaaaa"
"2"," vc foi ? "
"2"," posso pensar. "
"2"," vou mandar pro DM !"
"2"," tem blitz hoje no maracanã ? "
"2"," O Kadu será o noivo do Roça in Rio ? "
"2","Seu professor é o Selmo ? ( live on http://twitcam.com/162re)) "
"2"," como ta la na loja com 27197291 vendedores ? rs "
"2"," Procura na internet ! Aproveita que tá chegando o dia dos namorados !!! "
"2","Arrepiada com essa menina (o)! "
"2","inha inha inha aniversário do coxinha ! "
"2"," do que, da sua lisura ? "
"2"," Nova America tá fechado ? "
"2","de twitter* "
"2","bonjour ! *-*"
"2"," http://www.youtube.com/watch?v=QR7YAcMnZ_8 "
"2"," Pra mim a matéria né ? Intensivão UERJ ! =) PROBABILIDADE !!! "
"2"," é pra procurar o que mesmo ? "
"2"," o que tem de fofo nisso ? "
"2","http://movimentonoveonline.blogspot.com/2010/11/reuniao-geral-enem.html?spref=fb "
"2"," Não ! =/ Vou procurar na net, mas é só pra sexta ! "
"2","@NoivaPink ponha a foto online!"
"2"," oook ! domingo eu vou, só tenho ver se consigo chegar as 15 hs . "
"2","@LucasRoberto12 Eu sei o final do filme da sua vida. Mas não vou contar. Dou uma dica: CARRUAGENS DE FOGO"
"2","E esse vestido dona de casa da Preta Gil hein ?"
"2","@bolivarescobar Divino também."
"2"," deveria, mas ai quero saber de suas propostas ! "
"2"," uhuuuuuuul tweet lovers ! *-* "
"2","@danmissono como era akele treco do fusca lah?"
"3","Visitinhas do Leandro ! Muuuito bom ver os progressos .. http://twitpic.com/2z2zev "
"3"," e o que pra mim ? rs "
"3","Vamos falar de uma coisa boa .. E esse tempo hein ? hahahaha "
"3"," eu to ligada ! Hahaha ta fzndo o que de bom nessas férias ? "
"3","@nananyan Mega cansativo imochi... mas foi otimo!!"
"3","Começa esta semana na Broadway previews de Mulheres a beira de ataque de nervos de Almodovar como musical,com Patti LuPone. Promete!"
"3"," vamos fazer algo nessas férias ! "
"3","RT @foodfrik: Para os loucos por comida! http://t.co/H8wY4CK"
"3"," ai, eu tambéeeeeeem ! de você, desse seu pequeno, da maluzita, do lu ..  "
"3","Sou obrigado a admitir! Blue-ray realmente faz diferença: luminosidade e nitidez sao impressionantes.Atrapalha o preço dos discos!"
"3","Dormi no olho junto do  . No sábado, churras do  e luquinha, rio sul e casa descançar pra uff. "
"3","Em breve, Nosso Laro avatar brasileiro!"
"3","Enfim cheguei em casa ! Desde às 6 e poca da manhã na rua. ufaaa ! "
"3"," : Palavras de conforto e boas notícias são sempre bem-vindas isso ñ faltou nesses dias obrigado a Deus e todos q estão ajud ... "
"3","tão bom faltar o inglês ! *-*"
"3","Viva Nossa Senhora ! "
"3","falando com a mamis no telefone. *-* "
"3"," eu acho que eu e o  vamos pro buxixo, vai ? "
"3","Claudinha.. que roupas maravilhosas a cada domingo ! "
"3","Estou de volta para ajudar um filme diferente; o doc. Pina de Wim Wenders em 3D. E nao estou ganhando com isso. É fora de série."
"3"," NÃO VÁ EMBOOOORA, EU PRECISO DE VOCÊ (LAIALAIA), VEM ME DÊ SUA MÃO AMIGO, POR FAVOR FIQUE AQUI, NÃO VÁ, NÃO VÁ, NÃO NÃO NÃO "
"3","Marina Silva ganhou mais ainda minha admirição e respeito ao se manter imparcial quanto ao apoio do 2° turno da eleição ! "
"3","  tiago, vc acaba de conquitar mais uma fã pra mim. muito obrigada ! rs "
"3"," eu gritaria ! rs. ainda existe o msn !!! aheuiahiehaea "
"3","Não sou de criar polêmicas,mas o Meu Malvado Favorito não parece campanha eleitoral? Ha Ha Ha eu não me aguento. http://bit.ly/aE33wy"
"3","My Tweet Lovers:        See yours  http://bit.ly/94tJkC "
"3"," Sexta vamos no Barra Show, aniversario da Jubes ! Mulher 10, homem 20. Beeijos "
"3","Vou te falar que a personal colega de  ta de bem com a vida! A nêga tá bonita hein !! "
"3","Notícias do Leandro: ele já tá no quarto mas ainda ñ pode receber visitas. Vamos rezar pela raspagem de hoje p. q dê td certo! çaLeandro "
"3","Boa tarde ! Acabo de acordar do meu soninhoo, rs. "
"3","Beeijos queridos tuuu's, vou ver pânico e dormir pois um teste do osnizinho me espera amaanha ! "
"3","Quero ganhar o vale compras de R$70,00 que a  está sorteando no  http://t.co/Zk7cZHhs "
"3","Nem sempre o que vc pensa tem que ser o que outro pensa . Pois o certo pra vc pode ser errado pra mim ! "
"3","Feriado será intenso ! Viva ! o/ "
"3"," hahaha. kibe é um amigo meu ! shaiheiaheias "
"3","Porra, o  me ligou ontem, mas tava muito barulho onde eu tava e n consegui entender nd do q ele falava. =/ "
"3"," 2x0 Peixe. Neymar de barriga e Marquinhos de falta . "
"3"," :  e dormir! Amanhã começamos o projeto final! CP2 chegando ao fiiiiim \o/ "
"3","Meu Deus, dormi a tarde toda ! Dei uma de  . hahaha "
"3","amanha saio 9h40 do hotel e passo o dia todo preparando os shows. Retorno ao hotel ao final de tudo ufa.. acho folego.. mas vou feliz"
"3"," Encalhada nada ! Sou SOLTEIRA, não SOZINHA ! "
"3","Que bom matar as saudades da  ! "
"3"," hahahaha .. com certeza ! "
"3"," gostou da sua new family ? "
"3"," anjinha sumida ! saudades. "
"3"," foi demaaaaaaaais, MA-RA-VI-LHO-SO ! Não sinto a ponta dos meus dedos,to toda dolorida, haiuehauiheiahe "
"3"," Nem tamanho ! rs "
"3","Fuuui me arrumar pro ! Beijos ;* "
"3"," vc ta com saudades da karol ! "
"3","heeeeello ! só entrei agr no tu pq o dia foi cheio. amanhã comento about o show do Ne-Yo, ok ?! ;D Beijos e boa noite. "
"3"," Pior que tem como reverter alguns erros ! "
"3","Marina Silva tirou o Serra do 2° turno ! 'é briga de mulherees ! ' "
"3"," não posso demorar muuito. só vamos beber um poquinho pra comemorar. não pode ser lugar caro ! "
"3"," Quer bater um papo cmg ? =B "
"3"," Recado dado . Ele mandou outro pra você ! "
"3","Wim Wenders,Hanna Schygulla,mostra de Kurosawa (no seu centenário) são algumas das atrações da Mostra SP que começa dia 20"
"3","P: vc sente cÃ³cegas ? R: Muitas ! http://t.co/UIgHfoes  "
"3"," acho muito maneiro ! Paparapraapapapapaa parapraprapapprapa ti buuum .. adooooro "
"3","aaaaah que lindo.. fiz um bolo com 3 cores diferentes: azul, verde e vermelho (que ficou rosa) mas ficou liiindo demais ! "
"3"," Quero que me conte tuuuuudinho de como foi a viagem ! Precisamos conversar, rs . "
"3","Bom dia ! To indo pra praia com a  , bia e ursula ! "
"3"," siim. comigo ! chama todo mundo do ph e manda comprar cmg !!! "
"3","Alguns homens lêem a Playboy pelo mesmo motivo que lêem a National Geografic: gostam de ver lugares que sabem que nunca vão visitar. "
"3","adoro gravar em atlanta no estudio da TNT onde as paredes sao decoradas fotos antiga MGM (cujo acervo pertence ao mesmo dono ted turner)."
"3","Boom dia ! Daqui a pouco reencontro ! Que feeeeliz xD "
"3","Fofo de mais os produtos desse site: http://jellypongpong.com"
"3"," Muuuuuito bom. Você vai na festa temática ? "
"3","Irônico toda vida ! :  fui fofa com você, beijos - foi mesmo! Alias, vc eh sempre fofa! "
"3","Heeeeello, hoje é sexta-feira 13 ! Até que meu dia foi bem legal e nada de azarado. amanhã tem testezinho de geografia e show do  ! "
"3","@anadehollanda minha linda,boa sorte nessa nova empreitada! É uma querida mesmo!"
"3"," peguei em duas que eu não lembro bem o nome. eu sei que uma era bem colorida e aoutra não. acho que uma era work study sim. "
"3"," só quando é necessario. hsauishiahihe "
"3","Acabei de fazer a unha.. Botei o marina da Impala na mão e o Renda d Risqué no pé . Tá bom pro dia de amanhã ! (yn) "
"3","Maitê Proença tá pegando mais homem nessa novela do que José Mayer em toda carreira ! "
"3"," to quase socando, rs. Fui la sacudi, chamei, berrei e ela nem se mexeu ! Haha "
"3","@cathdepp Querida,mas e seu cavanhaque?"
"3","Me arrumando .. daqui a pouco casa do  e dps show do Barão Vermelho !"
"3","A  está com 50% de desconto. E a vontade de comprar tudo !  "
"3"," só na segunda !! leva a mari, o seu s2, .. "
"3","Applebees do amorr http://t.co/53wPVguK"
"3"," vai ter o que de bom ai no feriado ? "
"3","Amanhãaaaaa eu entro de férias ! Só agr eu reparei. Hihihih   "
"3","OMG - Usher feat Will.I.am é vicianteeee ! "
"3","É incrivel, todo velho que cai quebra o femur, minha bisa c. 98 anos corta o dedo ! Vai entender .. "
"3"," Causa importante e justa !"
"3","Took the Qual desenho animado você seria? quiz & got: Bob Esponja! What about you? ➜ http://bit.ly/7OZu9"""
"3","Domingo chega o tchê ! =D "
"3"," A voz dele é perfeita ! "
"3","Cleo beijo aqui do pre oscar eheh beijao,agora vou lunch e mais filmes ...."
"3"," obrigada irmaozinho. vc vai ? "
"3","@amandadenti Obrigado amana,são seus olhos!"
"3"," Veeeem pro Rio ! "
"3"," é a boa. desculpa a confusão, rs . "
"3","Vou ser tia de um menino: Lucas !!! Parabéns Rafa, que o Lucas venha com muita saúde, amiga ! *-* "
"3","amanhã vou no cinema com a hashi 1 e a hashi 2 ! hahaha  "
"3"," Prova de resistência valendo liderança ! "
"3","@TatyVG @808manong Queridos obrigado pelo FF!"
"3","Gente, qual a boa de amanhã ? "
"3"," nooossa ! quase um provérbio, hein ! hauhauah "
"3"," Poxa, minha louça ta gritandoseu nome. Falou que só aceita ser lavada por ti. E agr ? "
"3","'Eu te recriei só pro meu prazer' ! "
"3","Frase de hoje: 'Cuide do seu jardim' ! Meu pai sempre me falou isso e eu sempre ameeei essa frase . "
"3"," vamos morar juntas amiga ? eu ja moro praticamente sozinha, né ? meu pai vive viajando .. "
"3"," sabe que se ganahr vai dividir com a irmãzinha né ? "
"3","Caindo de sono .. esperando o papis aparecer no Ídolos !"
"3","Meu gordinho ta vindo pra cá cuidar de mim ! Que lindo ! Isso pq agr pouco tava querendo matá-lo, rs. "
"3","Queria tanto fazer algo hoje, mas nada abusivo.. já que amanhã tem aula, filminho e churrascão ! "
"3"," ta fazendo sol ai ? Abriu mó solzão hoje aqui ! "
"3"," : “Não deixa ninguém controlar sua vida, acorde e repense tudo de novo, Se libertar do que te atrase a vida, Agora é hor ... "
"3"," :  Ouvi dizer que só era triste quem queria  "
"3","hoje fez inesperado calor...eh verdade mas no estudio eh tudo com ar afinal eh a turner estudios muito legais...onde gravam tcm americano"
"3","aaah nem contei: Osni vai ser nosso paraninfo ! *-* "
"3","Hoje no blog do r7 falo de film noir e Kim Novak e Gloria Grahame.. Femmes fatales.."
"3","...corrente por ele e pedir pra papai do céu abençoar essa mãe aflita.  çaLeandro "
"3"," siim ! "
"3"," não. sexta é dia dos prof's ! "
"3","Trancar DG foi a melhor coisa que fiz no IME nestes últimos tempo.."
"3"," : Marina precisa ir pro segundo turno! Ainda dá tempo e ela VAI conseguir!   "
"3"," Ok. Amanhã a tarde eu vou à Lapa e Santa Tereza, andar de bondinho ! *-* "
"3","Fui pro inglês e o  faltou, quem deu aula foi uma mulher la. Dormi da hora que eu cheguei até a hora de ir embora, rs. "
"3","Santoooooos, aqui estou eu mais uma vez ! Decidi em cima da hora, rs . Vou ver Alice amanhã com as meninas =) "
"3","ontem eu vi o Humberto Carrão, que faz o Luti em tititi bebendo num barzinho onde fizemos a pré ! "
"3","aeeeeeee.. enfim paguei a UERJ e dessa vez não perderei a prova ! =D "
"3","Praia, praia, praia. À noite, Baronetti, aniversário do  e do  . "
"3"," são seus olhos ! "
"3","Obg Senhor pela Dutra http://g1.globo.com/rio-de-janeiro/noticia/2010/10/apos-engavetamento-trafego-na-rio-santos-e-liberado.html "
"3","Bom dia, cheguei do col e hoje o dia parece que vai ser no mínimo interessante, rs. "
"3","Show da , amanhã na expansão do Norte Shopping. Eu vou com a tchurma.  "
"3","Lar, doce lar. "
"3"," eu faço isso direto ! haha "
"3","a caminho de Buenos Aires vou gravar para o Turner Classic Movies!"
"3","to com pena do messi, mas gargalhando do maradona. "
"3"," siim. essa é a freakout (ou algo do tipo) ? "
"3","@genninhu @pkiomy COM CERTEZA xD"
"3","Took the Qual lugar da USP vc eh?! quiz & got: MED! What'll you get? ➤ http://bit.ly/5z8nn"
"3"," : Dica de Hoje “Quando a coisa ficar preta, faça uma oração para a Santa Clara.” "
"3"," hahahaha. entendo ! "
"3","Mais um bom dia Rio de Janeiro!!!"
"3","Vo ficar louca .. arrumando as malas e a lista da social de despedida do kibe ! "
"3","Em Santos . Depois falam que o Rio que é quente ! Noossa senhora dos calorentos .. "
"3","Nada como uma noite bem dormida! Revigorada. "
"3","Opa, meu pai chegou de viagem. Vou bater um papinho com ele e ver se ele quer comer algo .. Volto logo mais. "
"3"," *-* muitas saudades. "
"3"," que chique ! rs. Comprou o enxoval ? "
"3","JA ri tanto do  . Ontem o acordei passeando trote pra ele com o  . Falei que era uma certa pessoa e ele acreditou+ "
"3","FALTA POUCO, VAMOOOS GENTE ! "
"3","Que legal ! Meu pai estára no Ídolos essa semana ! Ídolos é em que canal, quais dias e que horas ?"
"3","trabalho de inglêeeeeeeeees ! "
"3","Bom diia ! Faltam 3 dias para as minhas férias !!! Que venha física e desenho hoje. "
"3","aaaaah como é bom usar o staruml . super divertido ! "
"3","Única declaração sobre o encontro: valeu MUITO a pena ! Amanhã falo mais pois o cansaço me consome . "
"3"," Também né minha filha .. com essa bunda ! Vc quer que olhem pra onde, dedo do pé ? UAHUAHAUHAUAH "
"3","Curtas de animacao ja sao melhores. Mas so um eh realmente Classe A alemao/britanico The Gruffalo que alias da para baixar pela Internet."
"3","hello, voltei . acabo de comer um hambúrguer de picanha divino.  "
"3"," : GATA EU QUERIA SER UMA CONJUNTIVITE PRA VC TER OLHOS SÓ PRA MIM E FICAR UMA SEMANA EM CASA DE REPOUSO COMIGO "
"3","O meu fã clube só cresce! O  veio todo feliz me falar que fez um grito de guerra pra mim !  e  "
"3"," obrigada giulia ! *-* "
"3","boooa noite amores "
"3"," hahaha. por enquanto vou ficar em casa. "
"3","Chegueeeeei ! Vendo Pânico . "
"3","A indicação de Tropa de Elite 2 é uma homenagem ao ENORME talento de Wagner Moura."
"3"," hahahaha. ta sabendo algo da reuniao de ontem ? "
"4","tô em extase.. "
"4","Depois  pra finalizar o dia ! "
"4","Sabedoria de Caco Antibes: Pobre vai pro trabalho de bicicleta e diz que é para ficar em forma. "
"4"," ta bem acessorada. Grande Ed Motta!!! "
"4","O bom de morar sozinha é que voc~e pode bagunçar e arrumar quando quiser e não quando estiverem incomodados !  "
"4","Tudo planejado para assistir no proximo fim de semana o Hair no Rio! Eu era fã do show na virada dos anos 70,vi mais de 30 vezes..."
"4","a ponta dos meus dedos não são absolutamente nada ! não as sinto . "
"4"," Parabéeeeeeeeeeeeeeeeeens ! "
"4","assinei minha carta de alforria no estilo. batendo cota e super cota ! em 2 dias vendi 7 mil e porrada !!! ção "
"4"," : oje é dia da conssienssa negra entao vo disfila pelada em prena rua ok, to bunita to arrasano com licessa meu amo nao m ... "
"4","Gostei muito de Minhas mães e meu Pai... vai ter varias indicacoes ao Oscar. Adorei o final com o bom senso cruel bem masculino ..."
"4","Hoje vou no Z.E Zenas Emprovisadas com as meninas lá no Vivo Rio !  "
"4","@D_Hatsu quinta (^_^)v"
"4"," aaah feliz dia do amigo ! "
"4","Praia amanhã bem cedinho com meus fãns. Depois almoçar com mamis e trabalhar. Só pra quem bate cota ! "
"4"," valeeeu ! falarei sim . "
"4","MUUUUUUUUUITO FELIZ !!!! "
"4","Obrigado pelos retuites amigos! Me ajudem contra esses detratores da sétima arte!"
"4"," Se Deus quiser estudaremos na mesma universidade ! =D "
"4","Rindo demais com o luquinha, rs. pacagaio  contando historia com uma vontade! "
"4","Praia com as meninas, encontrei a  ; dps casa do  c. a tchurma p. comemorar a saida dele do hospital. ço "
"4"," :  E a ganhadora de hoje é a ! Parabéns! Link do sorteio: http://sorteie.me/Lj6 "
"4"," : Parabéns aos Flamenguistas!!!!  "
"4"," eoaiueoauoeiaueouaieuaoeiua "
"4","amooooooooores, vou dormir ! quem tiver afim de ir no z.e amanhã, me liga ! Beijos "
"4"," hahaha. ta fazendo qe em barbacena? vai se formar ? rs "
"4","@Hyuuzu ahhh que baum que vc gostouu!!! jah te disse que tudo lemvra vc neh??? u.U quero ir contigo u.U"
"4","@D_Regis_ O turista vale pela simpatia de Angelina e pelo Carisma sensual e olhar provocante de Depp!"
"4","AAAAAAAH ENFIM VI TROPA DE ELITE ! QUE FILME FOOOOODA !PUTA QUE PARIIIIU .. "
"4","Paraisoooo ahhhhhh 嵐大好き！ http://t.co/PZgDLoBX"
"4","Bom dia ! Graças a deus to super tranquila !!!  "
"4","Revi Pacino no You Don´t Know Jack:Brilhante! Quando ele quer o homem é fera,escolheu filme polemico e anti establishment. Mereceu Emmy!"
"4","Hoje é dia do meu pai, do meu dindo, do meu tio, do meu primo.. hoje é meu dia ! 22 de novembro - dia do músico ! "
"4","Garanti meu Rock in Rio Card ! Taxa de entrega carinha hein ! rs  "
"4","@Hyuuzu SUA LINDA! QUE MUSICA LINDA DESSES NEGOS DO AMORRRRRRRRRRR!!!!!"
"4","Caso raro: Nanny McPhee 2 corrrige os erros do primeiro,continuação melhor que original. Bom elenco,boa direção,crianças vão gostar."
"4","OMG ! Achei uma base da DIOR por apenas 70 reais + frete ! Nem acredito !!! "
"4","Até que enfim alguém valorizou a banda!  "
"4"," hahaha "
"4","Invejo sua coragem querida! Beijos RT @thallitamadona: @rubensewald sou transexual cinefila e sua fa desde criança bjs"
"4","Vi em BlueRay,A Glória do meu Pai. Que beleza! estou querendo incluir no livro novo de culinária que Nilu e eu preparamos.. Quase chorei!"
"4"," : Agora a  é oficialmente uma Uspiana e uma Imeana.   "
"4"," bom demaaaaaaaaais ! "
"4"," hahahahaha jogou no ventilador !! UAHUAHAUHAUAH "
"4"," hahahha "
"4","@nananyan EH LINDIMAIS"
"4","Voltei de Goiania onde fiz palestra para professores. E sabe que foi ótimo...Boa gente,inteligente e sofredora! E adoram cinema!"
"4","@nananyan aiiiii simmmm heinnnn!!!!! toma eh amor demaisss!!!"
"4","Amanhã o  recebe alta ! Até que enfim está acabando esse filme .. "
"4","@Jyudaime ahhh obrigadaaaa"
"4"," USHAUSIASHAUSIAHS "
"4","Essa Lorena é um encanto!  "
"4","Diego seu lindo!!!!!!!!!!!!!!!! "
"4","Okey,agora definitivamente comeca a contagem regressiva! Nihon let's go!"
"4"," hahahaha "
"4","Com o  e Micael no Skype. Rindo demais ! "
"4","Cheguei do Z.E. Muito bom ! SUPER engraçado. "
"4"," demaaais ! vou entrar no BOPE e resolver tuuudo ! "
"4","Ganhei convites pro Ne Yo ! Nem acredito. uhuuuules "
"4"," hehehehe "
"4","Ótimo mesmo é o argentino Dois Irmãos de Daniel Burman,outra lição de cinema e humanismo dos portenhos."
"4","Curti a dupla hein! Mas essa Alma é um absurdo!  "
"4","@Fla0907 skipe do amor tb dah pra ligar a cam e lembrar qdo agente fazia isso assistindo arashi xD"
"4","Eitaaaaa quanto Junjou Romanticaaa *-* http://t.co/W7XrKpyE"
"4"," : A  passou na USP! =D E o  passou na IBM! =D As duas melhores notícias do meu dia. "
"4","Pelo jeito ngm vai me deixar dormir mesmo. Só minha mãe ja me ligou umas 3x no mínimo. Muitas msg's de feliz dia do amigo.. Ok, vcs venceram "
"4","Grande jantar ontem com amigos no Tatini... Um dos meus preferidos..Abaixo a Nouvelle Cuisine ehehe"
"4","Fãs de video-game Resident Evil gostam deste cap. 4,O Recomeço. Tem muita ação,muita,sangre,Mila Jovovich e ainda por cima o 3D!"
"4","Chuva resolveu cair, que ela traga a paz pra cidade.  "
"4"," aeeeeeeeeeeeeee õ/ "
"4","@kidapeeters Eu achei o Thor ótimo! Belo physique du rôle."
"4","Insisto: não percam Tropa de Elite 2 que é mesmo sensacional. Nunca teve um filme brasileiro como este."
"4","vou dormir ! bom  pra todos. sorte é pra fracos. "
"4"," eu vooou po ! "
"4","Adorei o La Cage aux Folles...chegando agora a SP... Fallabela e Diogo Vilella estao ótimos...Dizem ate que melhor do que no Rio"
"4","Ganhei ontem o belíssimo livro de Passione sobre a Toscana!!! Adorei a capa!!!"
"4","Bom dia queridos ! Ontem o dia foi bom demais.. Praia, almoço com a mamis, cota quase batida (faltaram 600 reais) e a lua linda demais ! "
"4","@nananyan iisso issooo!!! =]"
"4","Achei sensacional Tropa de Elite 2. Finalmente alguém tem coragem de dar nomes aos bois e fazer denuncia. José Padilha é um grande diretor!"
"4","A coreografia de Pina Bausch que Almodovar integrou tão bem em “Fale com Ela” agora é a estrela do documentário de Wim Wenders Pina. em 3D"
"4","Estou em atlanta preparando os Oscars.. primeira boa noticia,nao teve que mexer no smoking.. ja estava gordo no ano passado!!! ehehe"
"4","Recebi box americano Kim Novak Collection.Completamente apaixonado por ela,quase 80 anos e linda! Pal Joey,Picnic restaurados. O máximo"
"4","Amor demais!!! http://t.co/tpbrRYCo"
"4","Quem gosta de disaster movie/terror vai curtir em DVD,O Dia final,remake do cult Day of the Triffids. Vanessa Redgrave brilha. Genia!"
"4","qdo falei q uso msn ainda,me julgaram... Mas eu AMO msn... tem emojis tao legais... ._."
"4","Melhor filme da semana :London River. Um pai africano/ uma mãe inglesa ficam amigos apos atentado. Bela lição de vida,cinema,interpretação"
"4"," Vamos fazer festa na sua casa amanhã, pode ? "
"4","Bom dia. Vamos a mais um dia de luta !!! Que Deus proteja a todos.  "
"4","Adorei A Rede Social o filme do Oscar deste ano. A cara dos jovens yuppies de hoje e um show de jovens atores."
"4","@nananyan HAHAHAHAHA saudade de surtar contigo no msn!! era realmente engracado!!!"
"4","Fui hoje na  agarrei muito o luquinha e a malu. N da vontade de vir embora. Vo dormir aqui na Graci hoje.  "
"4"," : Na casa da  com a  e familia. Adoro. :) "
"4","Gostei muito de Eu e Meu Guarda Chuva,um filme brasileiro talentoso e que nao é só para crianças. Bravo Tom Vanzolini e Conspiração!"
"4","amigos santistas, corintianos e bambis de santos, TO CHEGANDO SEXTA! horario a definir !!! parei de beeber mas abro uma excessão p. vcs. "
"4","Os postos de banco de sangue estão precisando de doações. Vamos doar sangue, vamos doar vida !! "
"4"," hsiahsiuhaishaihusiahsiha "
"4","@D_Hatsu cheguei simmm florr =]"
"4"," : Parabéns  que passou na USP o/ "
"4","morrendo de rir com o  no msn ! ele leva tudo muito ao pé da letra ! "
"4"," araasooooooooou ! =) aaah deixa eu te contar: CONSEGUI !!! "
"4","Ontem vi a Susana Alves no Galeria pouco antes de casar,linda como sempre. Gosto dela. Mas não a chamem de Tiazinha,ela não quer mais..."
"4","Que feliz ! o  sai do hospital na quinta !!! =) "
"4","@luhimura @chibimartins Aiiii piro horrores!!! É amor demais!!! <3<3"
"4","EU fico zoando, mas eu amo vocÊs:  e  !  "
"4","@GUzGO É,e você é legalzão!"
"4","Revi Comer e gostei mais. Tem uma leitura budista legal e Julia chega a dizer "Deus abençoe os brasileiros!. Estamos precisando mesmo..."""
"4","aaah.. lembrei agr que meu pai tocou no primeiro e segundo ROCK IN RIO ! achei fantástico! "
"4","alguem ja viu o animacao The Gruffalo? eh uma delicia mesmo se nao ganhar o oscar. tem para baixar.. E me identifiquei com o gruffalo..."
"4","Gosto muito de Baaria,o Amarcord de Tornatore,esnobado pelos americanos. Estreia semana que vem. Musica do grande Morricone !"
"4"," você vai passar também flavinha ! =D "
"4","a pessoa que eu tirei no amigo secreto da empresa,vai ganhar coisa japoneusa <3"
"4","aaaaah feliz dia dos professores !!!!!!! minha futura profissão ! *-* "
"4"," : eu amo a  . ela é a minha prima preferida ! ela é simplesmente demaaaais .  "
"4","Não percam novo filme argentino: 2 Irmãos do Daniel Burman. Roteiro maravilhoso,atores esplendidos,uma lição de como fazer filmes humanos."
"4","Que lindo meu cabelo sem chapinha. Os cachinhos tão lindos! "
"4","Radianteeeeee ! Recebi uma notícia MARA ! "
"4"," eu vi ! meu professor de inglês o  ta divulgando. ele se emocionou com o blog ! "
"4","Incrivel a Caixa Bertold Brecht em DVD. A Opera dos 3 Vinténs em copia esplendida e varias raridades e bons depoimentos. Um must absoluto"
"4","Gostei muito do Policarpo do Antunes. Sapatear com Hino Nacional matando formigas é o máximo! A parte final é atual e emocionante. Bravo!"
"4"," hahahaha adoreeeeeeeeei ! "
"4","comer ovomaltine purinho é bom demaaais ! "
"4","Tropa de Elite é melhor que o primeiro. Menos violento,menos policial,mais filme de Mafia meio Chefão,meio Costa-Gavras. Do cacete!"
"4","Bicicletas com várias marchas! Imagine a emoção! @Zakellyne"
"4","Queridos,X-men first class é divino. Com ressalvas para aquelas mulheres seminuas todas. Sou contra a erotização gratuita na telona."
"4"," : ha um mes atras, eu estava em um dos melhores finais de semana da minha vida!! :D "
"4","@Hyuuzu @HelderYagami HAUAAHAUA quero muitos abracos e pao de queijo =]"
"4","Vi 5 filmes ontem.. num multiplex chamado Atlantic Station,bom cinema,tem imax,varios 3Ds e ate festival de cinema judeu..."
"4","Amanhã tem lançamento do livros dos Satyro na praça Roosevelt. Esta o maximo! dos mais belos que já vi..."
"4","Tenho muita coisa pra estudar.. Mas nao ha nada nesse mundo que seja melhor que o sorriso dessa crianca!  "
"4","@ivamcabral que bacana a noticia da bio da erika e emilio!!! fico contente!!!"
"4","Esta semana temos grandes estreias para competir com Tropa de Elite. O nacional Eu e meu guarda chuva é muito legal."
"4","@ClaudioQueirozz Já assistiu A Morte da Mamãe lhe cai bem? Ótima película."""
"4"," HUASIHAISHIAHSIHAS.  vai ctg ? "
"4","@prismascarenhas Eu curti (estilo facebook) risos."
"4"," 'que vida boa (ôoo), que vida boa ..' "
"4"," MA-RA-VI-LHO-SO ! "
"4","Améeeem ! : ENEM 2010 terá enunciados menores, diz presidente do Inep - http://bit.ly/9AZy1n "
"4","A Grande Eva Wilma dá um show em Guerra dos Vizinhos. Outra prova de que temos melhores atores que roteiristas e ate diretores"
"4","@Jyudaime uhuumm,obrigada flor tb quero te ver! ;)"
"4","Lição de vida: www.diariodeumqueimado.blogspot.com "
"4","  a bia assef tb! a minha mãe nasceu dia 24 de dezembro! "
"4","♫ soundtracking Run Baby Run by Garbage http://t.co/A9tNdXe"""
"4","Adorei Cisne Negro! Achei muito elegante,sempre fui fascinado pelo universo do ballet e da esquizofrenia. @guii_henri"
"4","Tão bom ter um tempinho livre.. assistindo Pretty Little Liars *-* "
"4","@renandroide Querido,o filme de 2010 foi 'De pernas pro ar' e não se fala mais nisso! Ingrid Guimarães é nossa deusa!"
"4","Semana que vem vou para Buenos Aires gravar para o TCM! Estou bem animado,vão ser 4 criticos latinos e eu. Falando de clássicos..."
"4","Surpresa:Solomon Kane,do criador de Conan,é muito melhor do que se pensa. Uma violenta mas absorvente aventura. Faltou só outro Arnold!"
"4","Vou para Natal esta semana no festival de cinema,receber premio da Aplauso... A cidade era linda,estou com saudades...Tomara que continue"
"4","A melhor entrevista e melhor materia de minha carreira eh a que saiu hoje sabado no Globo.. Agradeco aos excelentes jornalistas ."
"4","Sou fã de Barbara Paz e amigo de Babenco e acho melhor a montagem teatral em SP de Hell do que o filme."
"4","Na materia do Globo,quero agradecer Jose Wilker. Ze,te agradeco muito sua generosidade...Aquela sobre Col. Aplauso foi o maximo Thanks"
"4","saiu hoje elogios ao doc brasileiro lixo extraordinario na Imprensa americano hoje.. mas nao eh o favorito.. pena.. porque eh bonito tocante"
"4","@danieltj A primeira dica é amar o cinema! A segunda é amar o seu estilo capilar facial!"
"4","Ohayo! E comeca a tao esperada viagem neh @HelderYagami ?? Bora Nihon! ;*"
"4","Queridos! É muito amor nessas internets!"
"4"," po, se for pra se interessar pela voz.. pega o Artur !hahaha "
"4","Diário de Uspiana: Começar de novo.. http://t.co/7EjuMr7 "
"4","Cheguei!!! Obrigada pelas msgs pessoal!!! atencao galera da yamato,estou gravando tuuuddoooo hhahaha"
"4","Que lindo ficou  e Daniel!  "
"4"," fazem o mesmo som ! rs "
"4","vou fazer exame de sangue !!! beeijos;* "
"4","RT @claudierlichman: Voltando de Policarpo Quaresma,do Antunes. Pelo menos duas cenas memoráveis. Um pé nos musicais e outro na auto- ..."""
